timestamp,station_id,temperature,pressure,humidity
2025-01-21 00:00:00+00:00,AWS-DEMO,21.957658817239242,1009.2939559535968,78.70370213722195
2025-01-21 00:10:00+00:00,AWS-DEMO,22.243675758290426,1009.0825073671723,77.62367266330027
2025-01-21 00:20:00+00:00,AWS-DEMO,22.37567046167722,1009.3706373118575,79.7376918581875
2025-01-21 00:30:00+00:00,AWS-DEMO,22.630419802174124,1009.2279305050153,76.345829694431
2025-01-21 00:40:00+00:00,AWS-DEMO,22.554182778503616,1009.3111372287126,76.58999145756226
2025-01-21 00:50:00+00:00,AWS-DEMO,22.80206898364817,1009.3222971742056,78.61427028156385
2025-01-21 01:00:00+00:00,AWS-DEMO,23.033736424214315,1009.392345816655,75.48399936742359
2025-01-21 01:10:00+00:00,AWS-DEMO,23.143108881433726,1009.2613978839514,74.71438737029642
2025-01-21 01:20:00+00:00,AWS-DEMO,23.219785374329337,1009.0808802397644,73.27539897852014
2025-01-21 01:30:00+00:00,AWS-DEMO,23.43336745940789,1009.277626347394,75.26004459547207
2025-01-21 01:40:00+00:00,AWS-DEMO,23.529714012424588,1009.2903247069717,72.03227051810002
2025-01-21 01:50:00+00:00,AWS-DEMO,24.008755146904136,1009.1782483532282,73.06922420947997
2025-01-21 02:00:00+00:00,AWS-DEMO,24.104697980289664,1009.2829680381849,71.61143402052667
2025-01-21 02:10:00+00:00,AWS-DEMO,24.191427307561117,1009.2348536355474,71.33172635869744
2025-01-21 02:20:00+00:00,AWS-DEMO,24.40573633286615,1009.1434375478906,69.5274360881024
2025-01-21 02:30:00+00:00,AWS-DEMO,24.50100150777556,1009.3209484416964,71.72008986302674
2025-01-21 02:40:00+00:00,AWS-DEMO,25.199838254675466,1009.2053000887261,69.5211131199656
2025-01-21 02:50:00+00:00,AWS-DEMO,25.219925772123798,1009.2142760565097,68.00319383365475
2025-01-21 03:00:00+00:00,AWS-DEMO,25.231469454216597,1009.2033315935255,69.88884901205532
2025-01-21 03:10:00+00:00,AWS-DEMO,25.817925386907092,1009.3495745767599,67.54947769700298
2025-01-21 03:20:00+00:00,AWS-DEMO,25.73519415467553,1009.2274280499372,67.80633907526705
2025-01-21 03:30:00+00:00,AWS-DEMO,25.766784617407094,1009.2302777844294,67.73300525753699
2025-01-21 03:40:00+00:00,AWS-DEMO,26.517465953681164,1009.174878455554,66.78829533752815
2025-01-21 03:50:00+00:00,AWS-DEMO,26.389667122858175,1009.2469097576507,63.54418238436031
2025-01-21 04:00:00+00:00,AWS-DEMO,26.630942756720696,1009.316757214547,65.86767861646541
2025-01-21 04:10:00+00:00,AWS-DEMO,26.940668175742935,1009.2430565620049,64.50921192086471
2025-01-21 04:20:00+00:00,AWS-DEMO,27.390921800867535,1009.2353752323272,63.725341751948164
2025-01-21 04:30:00+00:00,AWS-DEMO,27.348744425541895,1009.216318729886,63.397908965709306
2025-01-21 04:40:00+00:00,AWS-DEMO,27.281765764007233,1009.0251458093005,61.35864552909081
2025-01-21 04:50:00+00:00,AWS-DEMO,27.862528543788496,1009.057552603099,62.63261944216868
2025-01-21 05:00:00+00:00,AWS-DEMO,27.829175613096755,1009.104434292749,60.55887872706474
2025-01-21 05:10:00+00:00,AWS-DEMO,28.539541102738184,1009.0434986340489,61.132257768538196
2025-01-21 05:20:00+00:00,AWS-DEMO,28.307244571921895,1008.9984447939553,61.082126572750305
2025-01-21 05:30:00+00:00,AWS-DEMO,27.993696177632597,1008.9106885365512,61.52150793391771
2025-01-21 05:40:00+00:00,AWS-DEMO,28.73621891643353,1008.9424543211171,59.1641907369044
2025-01-21 05:50:00+00:00,AWS-DEMO,29.2515587146569,1009.024561308205,60.98730084378988
2025-01-21 06:00:00+00:00,AWS-DEMO,29.330236010215813,1009.0249794220458,60.050875255474566
2025-01-21 06:10:00+00:00,AWS-DEMO,29.539463475964386,1008.9430288703064,58.260110862244844
2025-01-21 06:20:00+00:00,AWS-DEMO,29.058468410944407,1009.0043045088283,57.18421831401066
2025-01-21 06:30:00+00:00,AWS-DEMO,29.622415104394953,1008.9406008810337,56.471270786375726
2025-01-21 06:40:00+00:00,AWS-DEMO,29.39432789124911,1009.059915455802,57.828321022405696
2025-01-21 06:50:00+00:00,AWS-DEMO,29.726184250577816,1008.9290353503719,56.48077549149083
2025-01-21 07:00:00+00:00,AWS-DEMO,29.51247800256251,1008.9877963439227,58.099534451094364
2025-01-21 07:10:00+00:00,AWS-DEMO,29.75822670304163,1008.9247153442393,55.9239712683696
2025-01-21 07:20:00+00:00,AWS-DEMO,29.85029958858915,1008.7613218716978,55.427874485627896
2025-01-21 07:30:00+00:00,AWS-DEMO,30.28722129411701,1008.8602421141674,56.30944710675538
2025-01-21 07:40:00+00:00,AWS-DEMO,30.34738822047163,1008.7379277774603,55.159723721718045
2025-01-21 07:50:00+00:00,AWS-DEMO,30.304890713404493,1008.8200039912182,55.647351289146556
2025-01-21 08:00:00+00:00,AWS-DEMO,30.01058829909206,1008.7431713204004,56.441264572294074
2025-01-21 08:10:00+00:00,AWS-DEMO,30.293619251949004,1008.8250344005177,55.41273937298471
2025-01-21 08:20:00+00:00,AWS-DEMO,30.243236925934205,1008.650226036994,55.28074245996061
2025-01-21 08:30:00+00:00,AWS-DEMO,30.634530611863607,1008.7527260233716,55.25345229677956
2025-01-21 08:40:00+00:00,AWS-DEMO,30.728769630083914,1008.7832990408676,53.26817402389929
2025-01-21 08:50:00+00:00,AWS-DEMO,30.71883721477311,1008.793886877321,55.29065162809436
2025-01-21 09:00:00+00:00,AWS-DEMO,30.327610750256234,1008.6239215244473,55.020946495875165
2025-01-21 09:10:00+00:00,AWS-DEMO,29.888836480352335,1008.6748879014837,55.74081317848259
2025-01-21 09:20:00+00:00,AWS-DEMO,30.09102801372599,1008.6705859443516,55.465320090885854
2025-01-21 09:30:00+00:00,AWS-DEMO,30.77121567199985,1008.77413324005,54.69379213182287
2025-01-21 09:40:00+00:00,AWS-DEMO,30.339391189902244,1008.4826357505627,55.98890171302364
2025-01-21 09:50:00+00:00,AWS-DEMO,30.22228602334716,1008.5152314703475,54.74903452869028
2025-01-21 10:00:00+00:00,AWS-DEMO,30.699252565929225,1008.8311459883686,55.398172340446735
2025-01-21 10:10:00+00:00,AWS-DEMO,30.557360871073982,1008.5359439224245,54.97316854754077
2025-01-21 10:20:00+00:00,AWS-DEMO,30.216409691483616,1008.37240184585,55.90304470951288
2025-01-21 10:30:00+00:00,AWS-DEMO,30.069462235972317,1008.4725457016267,55.24510056002651
2025-01-21 10:40:00+00:00,AWS-DEMO,30.01904810663328,1008.2585002069812,57.47240373315697
2025-01-21 10:50:00+00:00,AWS-DEMO,30.003466859786556,1008.5124685188209,58.06801504065695
2025-01-21 11:00:00+00:00,AWS-DEMO,30.20234156013858,1008.5471392676056,57.1724662110699
2025-01-21 11:10:00+00:00,AWS-DEMO,29.831767971084375,1008.3760901770019,58.109270714921735
2025-01-21 11:20:00+00:00,AWS-DEMO,29.778909613658023,1008.400085144704,55.31922999585322
2025-01-21 11:30:00+00:00,AWS-DEMO,29.748870513485414,1008.510339329056,55.747975201520966
2025-01-21 11:40:00+00:00,AWS-DEMO,29.099080664234307,1008.2549202354214,57.17851368104994
2025-01-21 11:50:00+00:00,AWS-DEMO,29.37984291906973,1008.2792148017878,57.8911763431037
2025-01-21 12:00:00+00:00,AWS-DEMO,28.99918695799037,1008.3638472337612,58.02005938707786
2025-01-21 12:10:00+00:00,AWS-DEMO,28.353807560831857,1008.3034100183859,56.962168559733826
2025-01-21 12:20:00+00:00,AWS-DEMO,28.275941036334892,1008.3319511435953,60.15887958559241
2025-01-21 12:30:00+00:00,AWS-DEMO,28.350683912333277,1008.2324913006223,61.580616409961124
2025-01-21 12:40:00+00:00,AWS-DEMO,28.51613202394105,1008.3539104379947,61.14185074036516
2025-01-21 12:50:00+00:00,AWS-DEMO,28.243284914993804,1008.310160300307,61.39528494360724
2025-01-21 13:00:00+00:00,AWS-DEMO,28.0725306563063,1008.3625738948665,60.99834518587761
2025-01-21 13:10:00+00:00,AWS-DEMO,28.269985250612546,1008.3213341671404,60.40434308488576
2025-01-21 13:20:00+00:00,AWS-DEMO,27.36583355464297,1008.3126561329703,61.80669588349511
2025-01-21 13:30:00+00:00,AWS-DEMO,27.439071147857558,1008.155253671924,64.3373349166458
2025-01-21 13:40:00+00:00,AWS-DEMO,27.308350792212913,1008.3217392780216,62.38710813500302
2025-01-21 13:50:00+00:00,AWS-DEMO,26.872243481492458,1008.240234820752,62.800258671810816
2025-01-21 14:00:00+00:00,AWS-DEMO,26.830275407812497,1008.2482511627198,64.88639278592608
2025-01-21 14:10:00+00:00,AWS-DEMO,26.259242962895122,1008.3514486115714,65.48337033173192
2025-01-21 14:20:00+00:00,AWS-DEMO,26.7063697263644,1008.1868438916007,63.99805513403094
2025-01-21 14:30:00+00:00,AWS-DEMO,26.02937004281676,1008.3683160275133,65.12536718245052
2025-01-21 14:40:00+00:00,AWS-DEMO,26.407954011129448,1008.3724549726713,65.42939918951635
2025-01-21 14:50:00+00:00,AWS-DEMO,25.734620327528667,1008.3065690407019,66.54793399572561
2025-01-21 15:00:00+00:00,AWS-DEMO,25.748067112436324,1008.1475481210523,68.1302824784412
2025-01-21 15:10:00+00:00,AWS-DEMO,25.290126318699564,1008.0366370320338,66.77125221384561
2025-01-21 15:20:00+00:00,AWS-DEMO,25.075289193747903,1008.3287052060725,69.21288200129801
2025-01-21 15:30:00+00:00,AWS-DEMO,24.734423303102652,1008.2404406752675,68.77098157663659
2025-01-21 15:40:00+00:00,AWS-DEMO,24.67104442594205,1008.1627444163968,71.53873686578473
2025-01-21 15:50:00+00:00,AWS-DEMO,24.498206116231913,1008.3354088861238,70.07062232384403
2025-01-21 16:00:00+00:00,AWS-DEMO,24.041009077352175,1008.1527925114808,70.18909043549029
2025-01-21 16:10:00+00:00,AWS-DEMO,23.97363083262246,1008.1932592035596,71.38886022452824
2025-01-21 16:20:00+00:00,AWS-DEMO,23.65720899002484,1008.2803157612365,70.9980142763032
2025-01-21 16:30:00+00:00,AWS-DEMO,24.090737632259085,1008.135021066269,70.0527540380663
2025-01-21 16:40:00+00:00,AWS-DEMO,23.361931455624227,1008.2280730571508,72.11121283449008
2025-01-21 16:50:00+00:00,AWS-DEMO,23.522346422459446,1008.339124072297,72.58899340665921
2025-01-21 17:00:00+00:00,AWS-DEMO,22.944319125270823,1008.2637534837557,71.73539396416218
2025-01-21 17:10:00+00:00,AWS-DEMO,22.853964572424083,1008.3611311445226,73.7250184275276
2025-01-21 17:20:00+00:00,AWS-DEMO,22.320749184462983,1008.3554338347803,72.18827270587438
2025-01-21 17:30:00+00:00,AWS-DEMO,22.332932696410833,1008.2590697375207,74.35110659368188
2025-01-21 17:40:00+00:00,AWS-DEMO,22.30309556654651,1008.0534254111521,75.37100162211436
2025-01-21 17:50:00+00:00,AWS-DEMO,22.43716561109648,1008.1699442071794,75.63736435702951
2025-01-21 18:00:00+00:00,AWS-DEMO,21.974841595531814,1008.3442448672772,75.52579000058438
2025-01-21 18:10:00+00:00,AWS-DEMO,22.07478245381553,1008.1424288006915,76.23055881829521
2025-01-21 18:20:00+00:00,AWS-DEMO,21.76257250726224,1008.2592566336702,75.89323551162661
2025-01-21 18:30:00+00:00,AWS-DEMO,21.838056453316312,1008.3261053883795,77.03058497056305
2025-01-21 18:40:00+00:00,AWS-DEMO,21.332887534972457,1008.4351364234466,77.4008935637246
2025-01-21 18:50:00+00:00,AWS-DEMO,21.745257563031256,1008.2585795705269,76.74551546932194
2025-01-21 19:00:00+00:00,AWS-DEMO,20.994072009937174,1008.2600701912809,78.19573009075522
2025-01-21 19:10:00+00:00,AWS-DEMO,20.821827691420022,1008.3210858351109,78.45048306544416
2025-01-21 19:20:00+00:00,AWS-DEMO,20.622172393718945,1008.3653514001895,78.26202146521017
2025-01-21 19:30:00+00:00,AWS-DEMO,21.30767792639686,1008.3279636579502,81.06618966481346
2025-01-21 19:40:00+00:00,AWS-DEMO,20.89030603604144,1008.4444416967777,78.69861300347293
2025-01-21 19:50:00+00:00,AWS-DEMO,20.560558879918414,1008.2863027556741,78.7311099015879
2025-01-21 20:00:00+00:00,AWS-DEMO,20.84189037997524,1008.377286101833,78.73547429846627
2025-01-21 20:10:00+00:00,AWS-DEMO,20.66056176446395,1008.4147856061849,78.31062917237843
2025-01-21 20:20:00+00:00,AWS-DEMO,20.89321042445464,1008.3469103873236,80.06707301157516
2025-01-21 20:30:00+00:00,AWS-DEMO,20.080847874486782,1008.4666612484833,78.77021658576624
2025-01-21 20:40:00+00:00,AWS-DEMO,20.33308563690764,1008.4125619269743,78.93930459808462
2025-01-21 20:50:00+00:00,AWS-DEMO,20.269240266168648,1008.4781036274557,78.99516891799618
2025-01-21 21:00:00+00:00,AWS-DEMO,19.925784516354724,1008.4323837115984,78.54990734919605
2025-01-21 21:10:00+00:00,AWS-DEMO,20.59175124097343,1008.4564241946724,77.7604517152945
2025-01-21 21:20:00+00:00,AWS-DEMO,20.306958457269968,1008.3730644892413,79.00053140013387
2025-01-21 21:30:00+00:00,AWS-DEMO,20.546591868515513,1008.3804130153679,80.26405016380092
2025-01-21 21:40:00+00:00,AWS-DEMO,20.929871891384472,1008.554324243252,79.49034791421259
2025-01-21 21:50:00+00:00,AWS-DEMO,20.36922217836686,1008.5079870036628,80.73215540791628
2025-01-21 22:00:00+00:00,AWS-DEMO,20.399785539540204,1008.3650766391731,79.77650284545214
2025-01-21 22:10:00+00:00,AWS-DEMO,20.573245673922205,1008.4794376468137,79.37947386314183
2025-01-21 22:20:00+00:00,AWS-DEMO,20.82812099992156,1008.2551751616368,80.54440410768957
2025-01-21 22:30:00+00:00,AWS-DEMO,20.558995760253424,1008.422429363305,78.34747157999016
2025-01-21 22:40:00+00:00,AWS-DEMO,20.626421375991022,1008.565435292878,78.2675480300423
2025-01-21 22:50:00+00:00,AWS-DEMO,21.08802752920558,1008.472105048368,77.93027702073357
2025-01-21 23:00:00+00:00,AWS-DEMO,21.03743403763768,1008.4979496086432,79.20067495520823
2025-01-21 23:10:00+00:00,AWS-DEMO,20.611260882563165,1008.2193546955185,77.35293390608977
2025-01-21 23:20:00+00:00,AWS-DEMO,20.906552698895737,1008.4585190525354,76.37460218794023
2025-01-21 23:30:00+00:00,AWS-DEMO,21.62929310238636,1008.5267405829875,77.26253379612415
2025-01-21 23:40:00+00:00,AWS-DEMO,21.517931727753307,1008.5401086462641,75.49072096139749
2025-01-21 23:50:00+00:00,AWS-DEMO,21.39965958922153,1008.5862252211319,76.45338249836718
2025-01-22 00:00:00+00:00,AWS-DEMO,21.67476752658735,1008.4814977431973,75.9281902366403
2025-01-22 00:10:00+00:00,AWS-DEMO,21.86688178368802,1008.4857306816394,74.90162865050549
2025-01-22 00:20:00+00:00,AWS-DEMO,22.18404456951293,1008.380363944132,75.21653799269087
2025-01-22 00:30:00+00:00,AWS-DEMO,21.887772157650545,1008.4808445369702,72.70644639454869
2025-01-22 00:40:00+00:00,AWS-DEMO,22.171861591078294,1008.3840760714419,73.88535567069556
2025-01-22 00:50:00+00:00,AWS-DEMO,22.592743213319917,1008.3290336389593,72.77329444670535
2025-01-22 01:00:00+00:00,AWS-DEMO,22.691752352867177,1008.3947472531246,75.59838806479206
2025-01-22 01:10:00+00:00,AWS-DEMO,23.02539672483926,1008.624604552566,72.37932779147359
2025-01-22 01:20:00+00:00,AWS-DEMO,22.81945552892448,1008.4602119374312,71.10274183474687
2025-01-22 01:30:00+00:00,AWS-DEMO,23.362993002400945,1008.4994141402357,69.7856779486006
2025-01-22 01:40:00+00:00,AWS-DEMO,23.722791195661568,1008.4277908590799,71.92442855711684
2025-01-22 01:50:00+00:00,AWS-DEMO,23.7913168606663,1008.3065495498267,69.71523009030685
2025-01-22 02:00:00+00:00,AWS-DEMO,23.91936008184244,1008.544953139524,68.71236662016076
2025-01-22 02:10:00+00:00,AWS-DEMO,24.074767726924428,1008.2575173238818,69.27172168006595
2025-01-22 02:20:00+00:00,AWS-DEMO,24.121467608025725,1008.3947038473407,69.01113830616023
2025-01-22 02:30:00+00:00,AWS-DEMO,24.500328076819233,1008.4306484352988,68.41671884095953
2025-01-22 02:40:00+00:00,AWS-DEMO,25.005686759710883,1008.4465469721155,67.22027723881294
2025-01-22 02:50:00+00:00,AWS-DEMO,24.915687714806218,1008.349973565901,66.77496421612419
2025-01-22 03:00:00+00:00,AWS-DEMO,24.95996460016194,1008.2388105311322,66.26162144458756
2025-01-22 03:10:00+00:00,AWS-DEMO,25.261384701544475,1008.320323972854,65.77943336268132
2025-01-22 03:20:00+00:00,AWS-DEMO,25.62751865187376,1008.312560526886,65.28209755958575
2025-01-22 03:30:00+00:00,AWS-DEMO,25.71409135167446,1008.2972360084236,65.36764165266165
2025-01-22 03:40:00+00:00,AWS-DEMO,26.11483101015307,1008.4403341139543,63.74845688461846
2025-01-22 03:50:00+00:00,AWS-DEMO,26.33334558034381,1008.2293783831706,62.29803830799634
2025-01-22 04:00:00+00:00,AWS-DEMO,26.622199407981316,1008.3506357426635,62.39835819663759
2025-01-22 04:10:00+00:00,AWS-DEMO,26.945752183009745,1008.322123458221,62.73030064062764
2025-01-22 04:20:00+00:00,AWS-DEMO,27.054846623919335,1008.3780450282277,59.63096467707173
2025-01-22 04:30:00+00:00,AWS-DEMO,26.83026130550282,1008.2627629671216,59.085843932549956
2025-01-22 04:40:00+00:00,AWS-DEMO,27.033511029034198,1008.32851706594,61.24311874488367
2025-01-22 04:50:00+00:00,AWS-DEMO,27.408189714564497,1008.2238328918312,61.313349873770576
2025-01-22 05:00:00+00:00,AWS-DEMO,27.51387284609773,1008.2599107515797,58.007525045431144
2025-01-22 05:10:00+00:00,AWS-DEMO,27.54630584293095,1008.0665180282882,58.86475047829779
2025-01-22 05:20:00+00:00,AWS-DEMO,27.87814812825686,1007.9448098093405,57.86931188344163
2025-01-22 05:30:00+00:00,AWS-DEMO,28.044137879805653,1008.1962320977889,57.52649916588206
2025-01-22 05:40:00+00:00,AWS-DEMO,28.16822410166008,1008.1806053290055,57.62611943975138
2025-01-22 05:50:00+00:00,AWS-DEMO,28.40801876741657,1008.1637107526917,55.576616476441565
2025-01-22 06:00:00+00:00,AWS-DEMO,28.89185939848433,1008.0523826223437,55.327629102272105
2025-01-22 06:10:00+00:00,AWS-DEMO,28.82488222533073,1008.2120311824527,55.716208137240784
2025-01-22 06:20:00+00:00,AWS-DEMO,29.466347989663515,1008.0145404324725,55.47270759772337
2025-01-22 06:30:00+00:00,AWS-DEMO,29.094334204614963,1008.0714510673088,54.11148725941494
2025-01-22 06:40:00+00:00,AWS-DEMO,29.11978810854373,1008.0644272275183,55.665872959831745
2025-01-22 06:50:00+00:00,AWS-DEMO,29.303549454494032,1008.1426568545827,54.11752249955391
2025-01-22 07:00:00+00:00,AWS-DEMO,29.470127953881022,1007.9362473676867,53.792812650545855
2025-01-22 07:10:00+00:00,AWS-DEMO,29.61231647188068,1007.8825796830977,54.19809840053303
2025-01-22 07:20:00+00:00,AWS-DEMO,30.06789444460529,1007.7829262729313,53.50913678411257
2025-01-22 07:30:00+00:00,AWS-DEMO,29.510912303032967,1008.033698419507,54.22041548386805
2025-01-22 07:40:00+00:00,AWS-DEMO,29.962972630426332,1007.9080008166299,52.217147572014895
2025-01-22 07:50:00+00:00,AWS-DEMO,29.88786613648864,1007.8868291166613,51.54395919416741
2025-01-22 08:00:00+00:00,AWS-DEMO,29.555637732651377,1008.1024572088431,52.44584054043646
2025-01-22 08:10:00+00:00,AWS-DEMO,30.1207690295459,1007.827057698979,52.653970896341264
2025-01-22 08:20:00+00:00,AWS-DEMO,30.270741910210692,1007.6564234936943,51.21518206090726
2025-01-22 08:30:00+00:00,AWS-DEMO,29.83456188228786,1007.731838021556,50.95471090766931
2025-01-22 08:40:00+00:00,AWS-DEMO,30.04300870161306,1007.6376132471016,52.43579215290263
2025-01-22 08:50:00+00:00,AWS-DEMO,29.677736062486538,1007.6656563429891,51.4313807867808
2025-01-22 09:00:00+00:00,AWS-DEMO,29.783189726039623,1007.6410877388083,50.69704048634097
2025-01-22 09:10:00+00:00,AWS-DEMO,30.283965101584638,1007.600649122953,53.1000479675408
2025-01-22 09:20:00+00:00,AWS-DEMO,29.934519827953967,1007.504399089219,51.51282275238988
2025-01-22 09:30:00+00:00,AWS-DEMO,29.76741031470733,1007.7496136871989,53.32904162656491
2025-01-22 09:40:00+00:00,AWS-DEMO,30.026565702579717,1007.6098874893611,52.26691384550942
2025-01-22 09:50:00+00:00,AWS-DEMO,29.816470377948285,1007.539637248856,52.6168671813241
2025-01-22 10:00:00+00:00,AWS-DEMO,29.773791456852827,1007.6053185056187,52.21853136482796
2025-01-22 10:10:00+00:00,AWS-DEMO,29.976742399251194,1007.5570176565003,49.906808344677295
2025-01-22 10:20:00+00:00,AWS-DEMO,29.486085622589087,1007.517239148576,51.58085374848571
2025-01-22 10:30:00+00:00,AWS-DEMO,29.461048588579164,1007.5322221885349,52.77099895928058
2025-01-22 10:40:00+00:00,AWS-DEMO,29.603819157510934,1007.4611363079694,53.46352812590092
2025-01-22 10:50:00+00:00,AWS-DEMO,29.684176789848927,1007.4883000887392,51.533818007694855
2025-01-22 11:00:00+00:00,AWS-DEMO,29.635757765125522,1007.4750693485508,53.5167229381576
2025-01-22 11:10:00+00:00,AWS-DEMO,29.101170094527205,1007.4016762571414,52.716527754649945
2025-01-22 11:20:00+00:00,AWS-DEMO,29.329703437750116,1007.3473929270029,54.36296765312868
2025-01-22 11:30:00+00:00,AWS-DEMO,28.819067458136033,1007.4856360169224,54.41900457464271
2025-01-22 11:40:00+00:00,AWS-DEMO,29.253785261982042,1007.2860552429273,55.5118418591192
2025-01-22 11:50:00+00:00,AWS-DEMO,28.455627501709987,1007.3459636477255,56.18431211822879
2025-01-22 12:00:00+00:00,AWS-DEMO,28.843227207401604,1007.3302065873567,55.94414254053689
2025-01-22 12:10:00+00:00,AWS-DEMO,28.24558936430729,1007.2208508480225,56.73098950047778
2025-01-22 12:20:00+00:00,AWS-DEMO,28.665430538001022,1007.1863254682685,55.922708025661976
2025-01-22 12:30:00+00:00,AWS-DEMO,28.178860768462737,1007.2110777236871,59.514832996931666
2025-01-22 12:40:00+00:00,AWS-DEMO,27.645574498247946,1007.1831094737819,55.90694043800244
2025-01-22 12:50:00+00:00,AWS-DEMO,27.568939027202745,1007.0812635082065,57.04656572138566
2025-01-22 13:00:00+00:00,AWS-DEMO,27.665172150130935,1007.1395595038426,58.93787163396018
2025-01-22 13:10:00+00:00,AWS-DEMO,27.529474243539465,1007.208475127978,59.264141178201434
2025-01-22 13:20:00+00:00,AWS-DEMO,27.082375870146596,1007.2854016289717,59.4854925211046
2025-01-22 13:30:00+00:00,AWS-DEMO,26.90362944042312,1007.2089514523632,60.170921771784094
2025-01-22 13:40:00+00:00,AWS-DEMO,26.85272183763914,1006.9133315248176,57.91938020114945
2025-01-22 13:50:00+00:00,AWS-DEMO,26.503552531236743,1007.1938889781621,62.10840490840735
2025-01-22 14:00:00+00:00,AWS-DEMO,25.975643036524254,1007.0754721024578,60.83920195875424
2025-01-22 14:10:00+00:00,AWS-DEMO,25.864398636641695,1007.1566714202187,62.81976005852666
2025-01-22 14:20:00+00:00,AWS-DEMO,25.87580172570485,1007.1054657806321,60.076854064305834
2025-01-22 14:30:00+00:00,AWS-DEMO,25.870493676840685,1007.0808947894666,62.9081504088728
2025-01-22 14:40:00+00:00,AWS-DEMO,25.73621527433416,1007.0811875878077,62.632903213047456
2025-01-22 14:50:00+00:00,AWS-DEMO,25.328818823498278,1007.0811733094664,64.3159005542134
2025-01-22 15:00:00+00:00,AWS-DEMO,24.99657521056947,1007.197637107956,64.60970129701748
2025-01-22 15:10:00+00:00,AWS-DEMO,24.87399999573802,1007.0689615297447,65.20792608078685
2025-01-22 15:20:00+00:00,AWS-DEMO,24.338721645105696,1007.1631540221143,64.33150180731731
2025-01-22 15:30:00+00:00,AWS-DEMO,24.228512968619505,1007.145398847648,65.8802795037218
2025-01-22 15:40:00+00:00,AWS-DEMO,23.858816573164592,1007.1168106725958,66.30105218460248
2025-01-22 15:50:00+00:00,AWS-DEMO,23.54479955977528,1006.892557621965,67.5165963886029
2025-01-22 16:00:00+00:00,AWS-DEMO,23.674205930506453,1007.1510230978331,68.5456854911778
2025-01-22 16:10:00+00:00,AWS-DEMO,23.425249799781387,1007.007071446404,68.23594965129817
2025-01-22 16:20:00+00:00,AWS-DEMO,23.32204212020026,1007.1110243171046,67.33132933468202
2025-01-22 16:30:00+00:00,AWS-DEMO,23.08033012613805,1006.9579623339378,69.22902406881137
2025-01-22 16:40:00+00:00,AWS-DEMO,22.806488785890945,1006.938254341848,72.2373694105726
2025-01-22 16:50:00+00:00,AWS-DEMO,22.67236144556485,1007.2227291187955,71.7670566515032
2025-01-22 17:00:00+00:00,AWS-DEMO,22.341566662020757,1006.9591733046196,67.63034533760921
2025-01-22 17:10:00+00:00,AWS-DEMO,22.247463736659356,1007.1493846849726,71.139763415192
2025-01-22 17:20:00+00:00,AWS-DEMO,21.80752433304811,1007.0582920812064,72.46726623875117
2025-01-22 17:30:00+00:00,AWS-DEMO,21.864586415560762,1007.0116677693632,71.7976912755964
2025-01-22 17:40:00+00:00,AWS-DEMO,21.751943130642267,1007.0477118944292,71.95006454870409
2025-01-22 17:50:00+00:00,AWS-DEMO,21.2851943328196,1006.9373171268338,72.55774265032989
2025-01-22 18:00:00+00:00,AWS-DEMO,21.2778695150426,1007.0562249385065,73.77504032111949
2025-01-22 18:10:00+00:00,AWS-DEMO,20.969829583223344,1006.9634175837778,72.455327075876
2025-01-22 18:20:00+00:00,AWS-DEMO,20.838651474382022,1007.0290052575718,75.15547664927368
2025-01-22 18:30:00+00:00,AWS-DEMO,20.56164290917899,1007.1519075460932,74.25510743546957
2025-01-22 18:40:00+00:00,AWS-DEMO,20.94969064816317,1007.0958217338292,73.70102245209034
2025-01-22 18:50:00+00:00,AWS-DEMO,20.775462637542304,1006.9441154791012,76.0653263914711
2025-01-22 19:00:00+00:00,AWS-DEMO,20.536973890789525,1007.1589364426826,73.68014555616908
2025-01-22 19:10:00+00:00,AWS-DEMO,20.738503641345527,1007.0866533909896,74.93316419916168
2025-01-22 19:20:00+00:00,AWS-DEMO,20.15722929305596,1007.0436560740194,75.15806199133029
2025-01-22 19:30:00+00:00,AWS-DEMO,20.76864385106405,1007.1649565312207,78.09281546305975
2025-01-22 19:40:00+00:00,AWS-DEMO,19.96311530836059,1007.0881242392611,75.46031411043327
2025-01-22 19:50:00+00:00,AWS-DEMO,19.989709156079208,1007.0037663131063,74.1637503283486
2025-01-22 20:00:00+00:00,AWS-DEMO,19.77546885557651,1007.280538818651,75.88683887232841
2025-01-22 20:10:00+00:00,AWS-DEMO,19.883445699514965,1007.1182685459635,77.0503837091452
2025-01-22 20:20:00+00:00,AWS-DEMO,19.933168874919172,1007.1180877476073,77.48106670100623
2025-01-22 20:30:00+00:00,AWS-DEMO,19.681404038063985,1007.0945116439755,79.0514143766407
2025-01-22 20:40:00+00:00,AWS-DEMO,20.06387791417531,1007.2426686277515,78.23522910129768
2025-01-22 20:50:00+00:00,AWS-DEMO,19.70159952763962,1007.0946464767856,77.0451424788909
2025-01-22 21:00:00+00:00,AWS-DEMO,19.693967202164934,1007.0081358983996,75.97003832933493
2025-01-22 21:10:00+00:00,AWS-DEMO,19.42945652609371,1007.0912580492782,78.4650217720285
2025-01-22 21:20:00+00:00,AWS-DEMO,19.725980445533942,1007.2767320842752,76.42728614020119
2025-01-22 21:30:00+00:00,AWS-DEMO,19.618377368833368,1007.2369982665374,76.06791786930403
2025-01-22 21:40:00+00:00,AWS-DEMO,19.537442383231234,1007.1437123046638,76.21469902293607
2025-01-22 21:50:00+00:00,AWS-DEMO,19.53320456320563,1007.2945604559468,75.26080363624587
2025-01-22 22:00:00+00:00,AWS-DEMO,20.33389782784486,1007.2423060919341,75.90520769390852
2025-01-22 22:10:00+00:00,AWS-DEMO,19.73944033827254,1007.1547161769369,75.97031388634096
2025-01-22 22:20:00+00:00,AWS-DEMO,19.537268276619177,1007.1671640846511,76.74361910880435
2025-01-22 22:30:00+00:00,AWS-DEMO,19.773572803460794,1007.214765466693,75.4110927705908
2025-01-22 22:40:00+00:00,AWS-DEMO,19.994045094167802,1007.1129080930608,74.29499573748693
2025-01-22 22:50:00+00:00,AWS-DEMO,20.21253578077264,1007.1904312956004,73.699432701007
2025-01-22 23:00:00+00:00,AWS-DEMO,20.30969575537174,1007.2196143305603,75.23146419367818
2025-01-22 23:10:00+00:00,AWS-DEMO,20.440165442311283,1007.041396126301,74.79165540739754
2025-01-22 23:20:00+00:00,AWS-DEMO,20.26119886757266,1007.1770910493342,73.84084440644874
2025-01-22 23:30:00+00:00,AWS-DEMO,20.597585620478736,1007.1672734949456,73.58340770765942
2025-01-22 23:40:00+00:00,AWS-DEMO,20.45719845146309,1007.2869862134223,74.07526364495556
2025-01-22 23:50:00+00:00,AWS-DEMO,20.648220106858904,1007.0278417215479,74.69410479513982
2025-01-23 00:00:00+00:00,AWS-DEMO,20.72435378610083,1007.1583550439383,72.12176538580093
2025-01-23 00:10:00+00:00,AWS-DEMO,20.81332799184315,1007.14761856974,72.5714693375016
2025-01-23 00:20:00+00:00,AWS-DEMO,21.4639434064248,1007.2750956039592,73.00456783347133
2025-01-23 00:30:00+00:00,AWS-DEMO,21.542567655874254,1007.1818957374157,70.81779008490994
2025-01-23 00:40:00+00:00,AWS-DEMO,21.773087346773064,1007.3439894185822,71.11058764564758
2025-01-23 00:50:00+00:00,AWS-DEMO,21.739578743983483,1007.2378547625569,70.60610962118187
2025-01-23 01:00:00+00:00,AWS-DEMO,22.07975577989843,1007.1366284277335,68.8371547497163
2025-01-23 01:10:00+00:00,AWS-DEMO,21.704170282262446,1007.1897797857702,69.8086679399026
2025-01-23 01:20:00+00:00,AWS-DEMO,22.468835767976476,1007.1303673765624,69.15174663215531
2025-01-23 01:30:00+00:00,AWS-DEMO,22.50936258675944,1007.2329565616944,69.14459426519501
2025-01-23 01:40:00+00:00,AWS-DEMO,22.80355974808073,1007.0284391957671,66.86218898985682
2025-01-23 01:50:00+00:00,AWS-DEMO,22.947775253036543,1007.0662748632732,67.50986947755649
2025-01-23 02:00:00+00:00,AWS-DEMO,22.848576497044007,1007.1728314990221,68.3247325089215
2025-01-23 02:10:00+00:00,AWS-DEMO,22.940305630584945,1007.2328890080003,68.45690571971672
2025-01-23 02:20:00+00:00,AWS-DEMO,23.319553750825424,1006.9144843800932,67.0902959067882
2025-01-23 02:30:00+00:00,AWS-DEMO,23.808598402324957,1007.2257944510761,64.0592652721039
2025-01-23 02:40:00+00:00,AWS-DEMO,24.045617996393077,1007.07825225371,65.11003392699283
2025-01-23 02:50:00+00:00,AWS-DEMO,23.803290298269175,1006.9094332157038,63.596025230127836
2025-01-23 03:00:00+00:00,AWS-DEMO,24.099380118195874,1006.7962937223597,63.781885605819234
2025-01-23 03:10:00+00:00,AWS-DEMO,24.367224354994917,1006.9156272619614,62.144283456673634
2025-01-23 03:20:00+00:00,AWS-DEMO,24.658558083906875,1007.0376838985683,60.62232379354133
2025-01-23 03:30:00+00:00,AWS-DEMO,24.647643213442826,1007.0190826479354,61.41243760498753
2025-01-23 03:40:00+00:00,AWS-DEMO,24.843459173506286,1007.0669379250438,61.90365087468857
2025-01-23 03:50:00+00:00,AWS-DEMO,25.182998790896153,1006.9448233972845,60.89714671730595
2025-01-23 04:00:00+00:00,AWS-DEMO,25.58833796924289,1006.8782837313645,60.445261274990486
2025-01-23 04:10:00+00:00,AWS-DEMO,25.512853924592832,1006.9239755111759,59.69795055640573
2025-01-23 04:20:00+00:00,AWS-DEMO,25.947593289241325,1006.9467540007904,59.33257605958452
2025-01-23 04:30:00+00:00,AWS-DEMO,26.40330492963687,1006.9465195143282,58.912197886889516
2025-01-23 04:40:00+00:00,AWS-DEMO,26.077863869115983,1006.8362074139472,57.57184362779202
2025-01-23 04:50:00+00:00,AWS-DEMO,26.50876597278299,1006.9693234289357,57.40345073629753
2025-01-23 05:00:00+00:00,AWS-DEMO,26.965280767234262,1006.8127255577357,58.54902537649549
2025-01-23 05:10:00+00:00,AWS-DEMO,26.828820325283793,1006.7703511096794,56.445130945188986
2025-01-23 05:20:00+00:00,AWS-DEMO,26.970634013921963,1006.779321454771,55.856053837869695
2025-01-23 05:30:00+00:00,AWS-DEMO,27.52346085002723,1006.903941087179,55.44072947862336
2025-01-23 05:40:00+00:00,AWS-DEMO,27.36508792373219,1006.7739023428321,54.65913552778914
2025-01-23 05:50:00+00:00,AWS-DEMO,27.834384635597,1006.701598959552,53.99658371268581
2025-01-23 06:00:00+00:00,AWS-DEMO,27.838378199284207,1006.8253322255101,54.21203274697072
2025-01-23 06:10:00+00:00,AWS-DEMO,27.814552846442893,1006.9123577854124,53.08636352766196
2025-01-23 06:20:00+00:00,AWS-DEMO,28.13455487957493,1006.7155852972365,53.05335649229545
2025-01-23 06:30:00+00:00,AWS-DEMO,28.231359424536816,1006.7846643359981,52.033941553507724
2025-01-23 06:40:00+00:00,AWS-DEMO,28.50982114415074,1006.7434976413923,52.57753336904473
2025-01-23 06:50:00+00:00,AWS-DEMO,28.28123587938698,1006.5721294021798,52.7189136489314
2025-01-23 07:00:00+00:00,AWS-DEMO,28.51962523541478,1006.6052019276859,51.608746000511275
2025-01-23 07:10:00+00:00,AWS-DEMO,28.597537066326993,1006.4633529367,49.51954341771952
2025-01-23 07:20:00+00:00,AWS-DEMO,28.858111474038747,1006.5361515797348,51.84740660617278
2025-01-23 07:30:00+00:00,AWS-DEMO,28.561216665665206,1006.4739194396351,51.1286762374653
2025-01-23 07:40:00+00:00,AWS-DEMO,29.08530447647595,1006.4695914937055,49.78951191524969
2025-01-23 07:50:00+00:00,AWS-DEMO,29.030075553954227,1006.4138587352817,51.353464475016274
2025-01-23 08:00:00+00:00,AWS-DEMO,28.694634628645936,1006.4309611380161,49.00278202840996
2025-01-23 08:10:00+00:00,AWS-DEMO,29.29789026934999,1006.4801330774245,51.29150748626362
2025-01-23 08:20:00+00:00,AWS-DEMO,29.562022200186465,1006.3969211482793,50.05777773524487
2025-01-23 08:30:00+00:00,AWS-DEMO,29.320022660915033,1006.2153653982284,47.73970196514791
2025-01-23 08:40:00+00:00,AWS-DEMO,29.43323250555704,1006.2915612127177,50.10487760707449
2025-01-23 08:50:00+00:00,AWS-DEMO,29.14828237351996,1006.1976178352062,49.46302840678411
2025-01-23 09:00:00+00:00,AWS-DEMO,28.764669507169376,1006.332108509234,49.27982263261212
2025-01-23 09:10:00+00:00,AWS-DEMO,28.715674167847524,1006.3313773088283,49.09121529799333
2025-01-23 09:20:00+00:00,AWS-DEMO,29.159162118283657,1006.2852885646132,49.71880487741698
2025-01-23 09:30:00+00:00,AWS-DEMO,28.944976732761035,1006.1676662812333,49.40266747033131
2025-01-23 09:40:00+00:00,AWS-DEMO,28.836717237620174,1006.2373237302214,48.097655683182055
2025-01-23 09:50:00+00:00,AWS-DEMO,28.97743298491157,1006.1496388862524,51.31740950738515
2025-01-23 10:00:00+00:00,AWS-DEMO,29.070655771455538,1006.0666461273729,49.91629069987072
2025-01-23 10:10:00+00:00,AWS-DEMO,28.550379588462054,1006.2133186460698,49.5680901021659
2025-01-23 10:20:00+00:00,AWS-DEMO,28.69687243941777,1006.1979730224397,49.33476153536475
2025-01-23 10:30:00+00:00,AWS-DEMO,29.04444425528015,1006.1879288434974,51.42052890395009
2025-01-23 10:40:00+00:00,AWS-DEMO,28.38350938164142,1006.0263511965154,49.56105168841051
2025-01-23 10:50:00+00:00,AWS-DEMO,28.71053518514984,1006.1662398100316,51.225812885969276
2025-01-23 11:00:00+00:00,AWS-DEMO,28.30315501095074,1005.9951126891707,50.76271053724855
2025-01-23 11:10:00+00:00,AWS-DEMO,28.412166184470887,1006.0782534945038,51.097160686412465
2025-01-23 11:20:00+00:00,AWS-DEMO,28.407697501416564,1005.9538461951302,50.81638216486778
2025-01-23 11:30:00+00:00,AWS-DEMO,28.195685255027993,1005.9605669619185,51.617537745538236
2025-01-23 11:40:00+00:00,AWS-DEMO,28.09130092065779,1005.7442428894018,52.58451379835716
2025-01-23 11:50:00+00:00,AWS-DEMO,27.489237832824372,1005.9169452511996,53.16812343362085
2025-01-23 12:00:00+00:00,AWS-DEMO,27.831785589980704,1005.9348465677106,52.522894397791646
2025-01-23 12:10:00+00:00,AWS-DEMO,27.23655237314703,1005.8728539671629,53.61105912665173
2025-01-23 12:20:00+00:00,AWS-DEMO,27.312076724234252,1006.051519630639,55.00101690157258
2025-01-23 12:30:00+00:00,AWS-DEMO,27.136400995823458,1005.773153619823,52.87676413010759
2025-01-23 12:40:00+00:00,AWS-DEMO,27.005019913003174,1005.8119878685204,54.97538338369838
2025-01-23 12:50:00+00:00,AWS-DEMO,26.785557783713024,1005.766840016908,54.487696494005995
2025-01-23 13:00:00+00:00,AWS-DEMO,26.333693774689223,1005.7837515950473,54.856304138159736
2025-01-23 13:10:00+00:00,AWS-DEMO,26.025388081455002,1005.9141859187365,56.65327297051085
2025-01-23 13:20:00+00:00,AWS-DEMO,26.312786135242536,1005.9419115135726,56.34210975209055
2025-01-23 13:30:00+00:00,AWS-DEMO,25.956117001104232,1005.7340171314319,56.17652345267346
2025-01-23 13:40:00+00:00,AWS-DEMO,25.95869150173535,1005.7208934857891,59.23345917198077
2025-01-23 13:50:00+00:00,AWS-DEMO,25.483198744471526,1005.6713788982875,59.353998723966804
2025-01-23 14:00:00+00:00,AWS-DEMO,24.968122815309872,1005.8833265599337,57.034203339909425
2025-01-23 14:10:00+00:00,AWS-DEMO,25.27143118110051,1005.857577965877,58.031516318603664
2025-01-23 14:20:00+00:00,AWS-DEMO,24.756831530457408,1005.7387631388347,60.64462708186496
2025-01-23 14:30:00+00:00,AWS-DEMO,24.691197199104987,1005.6149534153468,60.31625663702769
2025-01-23 14:40:00+00:00,AWS-DEMO,24.24978132881308,1005.61598887032,62.65533609322081
2025-01-23 14:50:00+00:00,AWS-DEMO,24.529269591576245,1005.7426137670751,62.32732813743327
2025-01-23 15:00:00+00:00,AWS-DEMO,23.749428713173113,1005.7710444843037,62.568210863695754
2025-01-23 15:10:00+00:00,AWS-DEMO,23.64265228838092,1005.530670966453,61.80508081597141
2025-01-23 15:20:00+00:00,AWS-DEMO,23.515418927460036,1005.6833923990995,63.87594710394022
2025-01-23 15:30:00+00:00,AWS-DEMO,23.02708789046774,1005.8543017441509,62.66459322064181
2025-01-23 15:40:00+00:00,AWS-DEMO,23.11677807600696,1005.6860735940394,65.79866448982312
2025-01-23 15:50:00+00:00,AWS-DEMO,23.176899324153794,1005.8373504056372,65.46476455482279
2025-01-23 16:00:00+00:00,AWS-DEMO,22.494520634299818,1005.7599585170126,64.76208294011808
2025-01-23 16:10:00+00:00,AWS-DEMO,22.47182999779584,1005.6028358573544,66.9299078720726
2025-01-23 16:20:00+00:00,AWS-DEMO,21.56523253105849,1005.6735588365408,68.89806099468898
2025-01-23 16:30:00+00:00,AWS-DEMO,21.949882398384737,1005.6883817847568,66.96218626599219
2025-01-23 16:40:00+00:00,AWS-DEMO,21.6814341444682,1005.6148741538361,68.24443373958427
2025-01-23 16:50:00+00:00,AWS-DEMO,21.36599138006171,1005.6145020087679,67.76636405060555
2025-01-23 17:00:00+00:00,AWS-DEMO,21.584013387046372,1005.8391253292796,68.77669903741062
2025-01-23 17:10:00+00:00,AWS-DEMO,21.07899724602987,1005.6177969218982,67.66529246777945
2025-01-23 17:20:00+00:00,AWS-DEMO,20.921403808538965,1005.8055592112821,69.64027356303073
2025-01-23 17:30:00+00:00,AWS-DEMO,20.692494626165484,1005.6724335811334,70.13884610314402
2025-01-23 17:40:00+00:00,AWS-DEMO,20.17449457453726,1005.7130819046008,72.33404215282724
2025-01-23 17:50:00+00:00,AWS-DEMO,20.173890645178307,1005.7700603303851,69.16427515516217
2025-01-23 18:00:00+00:00,AWS-DEMO,20.467434753710226,1005.6701383807859,71.08626512009785
2025-01-23 18:10:00+00:00,AWS-DEMO,19.631508795556343,1005.7800198983927,73.04598196981084
2025-01-23 18:20:00+00:00,AWS-DEMO,19.773741212809565,1005.5499906005232,71.88889754930486
2025-01-23 18:30:00+00:00,AWS-DEMO,19.708232226626684,1005.7793393718307,72.3134964441783
2025-01-23 18:40:00+00:00,AWS-DEMO,20.04107968566358,1005.5235042645312,71.98642467904656
2025-01-23 18:50:00+00:00,AWS-DEMO,19.695610703540986,1005.731445499393,72.20194994776253
2025-01-23 19:00:00+00:00,AWS-DEMO,19.280934013788308,1005.8351898972925,71.60298637243793
2025-01-23 19:10:00+00:00,AWS-DEMO,19.575677605300104,1005.8209902206938,73.07274952867704
2025-01-23 19:20:00+00:00,AWS-DEMO,19.019328777892838,1005.6550039149432,72.96404127328505
2025-01-23 19:30:00+00:00,AWS-DEMO,19.30637573580148,1005.67364185408,74.3006821736817
2025-01-23 19:40:00+00:00,AWS-DEMO,18.696299102611228,1005.7241272314222,73.60158854942264
2025-01-23 19:50:00+00:00,AWS-DEMO,19.151150241969418,1005.8101799531804,74.09323976968203
2025-01-23 20:00:00+00:00,AWS-DEMO,18.754508018225383,1005.6179473950617,74.28079816948741
2025-01-23 20:10:00+00:00,AWS-DEMO,18.555575044031883,1005.8070913482178,74.82129291883815
2025-01-23 20:20:00+00:00,AWS-DEMO,18.681332340937445,1005.8438005575584,74.45340035574007
2025-01-23 20:30:00+00:00,AWS-DEMO,18.746734133267,1005.7977904870379,74.00838508073612
2025-01-23 20:40:00+00:00,AWS-DEMO,18.542914078484923,1005.8780072850439,75.21979055949488
2025-01-23 20:50:00+00:00,AWS-DEMO,18.7491460615654,1005.8582720570132,76.24083160788842
2025-01-23 21:00:00+00:00,AWS-DEMO,18.484045802549762,1005.7967118399287,75.31652399912441
2025-01-23 21:10:00+00:00,AWS-DEMO,18.743340444942504,1005.6784145275502,74.56829274078518
2025-01-23 21:20:00+00:00,AWS-DEMO,18.70822449688225,1005.8717485201273,75.02037604069338
2025-01-23 21:30:00+00:00,AWS-DEMO,18.61111181858535,1005.7808655019575,73.03370784427347
2025-01-23 21:40:00+00:00,AWS-DEMO,18.550453140458774,1005.8212961793437,74.86126692647319
2025-01-23 21:50:00+00:00,AWS-DEMO,18.713344687233104,1005.9229497629631,74.4923040368602
2025-01-23 22:00:00+00:00,AWS-DEMO,18.842841209640437,1006.0136205213909,73.82704172505842
2025-01-23 22:10:00+00:00,AWS-DEMO,19.22639944761253,1005.8885914650151,73.8523437647621
2025-01-23 22:20:00+00:00,AWS-DEMO,19.0396227441436,1005.9475381371817,74.0145310880596
2025-01-23 22:30:00+00:00,AWS-DEMO,19.116815465757398,1005.7729989238242,75.21426298372856
2025-01-23 22:40:00+00:00,AWS-DEMO,19.6595739179217,1005.9300792335027,75.08799658882037
2025-01-23 22:50:00+00:00,AWS-DEMO,19.180310277471516,1005.907197577782,72.8194552981657
2025-01-23 23:00:00+00:00,AWS-DEMO,19.268635737884303,1006.0274309876195,72.95912365111042
2025-01-23 23:10:00+00:00,AWS-DEMO,19.420434574608947,1005.8719532769103,72.69271345664556
2025-01-23 23:20:00+00:00,AWS-DEMO,19.15522811966891,1005.9022029315078,73.68197982431381
2025-01-23 23:30:00+00:00,AWS-DEMO,19.399078457353614,1006.022141133856,72.68468703364324
2025-01-23 23:40:00+00:00,AWS-DEMO,19.512562098472404,1005.92098496852,72.27895754061052
2025-01-23 23:50:00+00:00,AWS-DEMO,19.90096826659272,1005.8313970204697,72.35032204452948
2025-01-24 00:00:00+00:00,AWS-DEMO,19.861870926825222,1006.1622519275855,70.8271423847963
2025-01-24 00:10:00+00:00,AWS-DEMO,20.079134321941538,1005.8364151576012,72.37927858031205
2025-01-24 00:20:00+00:00,AWS-DEMO,20.443045138886003,1005.9280054556675,70.58859244316059
2025-01-24 00:30:00+00:00,AWS-DEMO,20.55501433863115,1005.9648128307332,69.29327998792445
2025-01-24 00:40:00+00:00,AWS-DEMO,20.49677484441425,1005.9569085988351,69.46314992038153
2025-01-24 00:50:00+00:00,AWS-DEMO,20.557771965482672,1005.9143762710388,70.4539199892856
2025-01-24 01:00:00+00:00,AWS-DEMO,21.13299217191535,1005.9128625390646,68.31254375232783
2025-01-24 01:10:00+00:00,AWS-DEMO,21.236440390069554,1005.9057831801089,69.19034546961893
2025-01-24 01:20:00+00:00,AWS-DEMO,20.90029123018138,1005.8233193125245,67.1068901997021
2025-01-24 01:30:00+00:00,AWS-DEMO,21.376418509794465,1006.1134827883526,66.44732849451559
2025-01-24 01:40:00+00:00,AWS-DEMO,21.677154219848553,1005.8957513511278,67.34363554178121
2025-01-24 01:50:00+00:00,AWS-DEMO,22.01091096571212,1005.9642352084188,65.2724017736567
2025-01-24 02:00:00+00:00,AWS-DEMO,22.2416264618035,1005.8747238491528,66.42355832653868
2025-01-24 02:10:00+00:00,AWS-DEMO,22.308310480596052,1005.8666135185214,65.40062744946579
2025-01-24 02:20:00+00:00,AWS-DEMO,22.581262249778476,1005.8506198369906,63.61777546785116
2025-01-24 02:30:00+00:00,AWS-DEMO,22.67507823017778,1005.7445597251408,63.85773499764341
2025-01-24 02:40:00+00:00,AWS-DEMO,22.7225755077561,1005.8613965380445,62.81471684162331
2025-01-24 02:50:00+00:00,AWS-DEMO,23.024181932654987,1005.8304020778485,63.144357622039394
2025-01-24 03:00:00+00:00,AWS-DEMO,23.297244079834872,1005.9630285036077,64.11372206568505
2025-01-24 03:10:00+00:00,AWS-DEMO,23.496996376123985,1005.7398307456069,61.28549381437775
2025-01-24 03:20:00+00:00,AWS-DEMO,23.301098343579163,1005.784923856709,61.621060833457854
2025-01-24 03:30:00+00:00,AWS-DEMO,23.839100831738833,1005.7447398813575,60.54470122447368
2025-01-24 03:40:00+00:00,AWS-DEMO,24.148446150766766,1005.9435681498275,59.980259102911035
2025-01-24 03:50:00+00:00,AWS-DEMO,24.28221305862382,1005.7230536042613,59.230971334790055
2025-01-24 04:00:00+00:00,AWS-DEMO,24.495938313846487,1005.838898120377,57.98383024445931
2025-01-24 04:10:00+00:00,AWS-DEMO,24.86140968119853,1005.862040168801,58.62760747079945
2025-01-24 04:20:00+00:00,AWS-DEMO,24.71777979725821,1005.7474668456434,57.46213508509843
2025-01-24 04:30:00+00:00,AWS-DEMO,24.7949716822567,1005.6220700962735,56.312702925228905
2025-01-24 04:40:00+00:00,AWS-DEMO,25.271036969464962,1005.6080635337366,57.70753121795759
2025-01-24 04:50:00+00:00,AWS-DEMO,25.706353268860497,1005.7925768068856,56.2784458188237
2025-01-24 05:00:00+00:00,AWS-DEMO,26.095869041376638,1005.5856298621819,55.448614009223554
2025-01-24 05:10:00+00:00,AWS-DEMO,26.07841355979256,1005.7177948554762,56.526198977292836
2025-01-24 05:20:00+00:00,AWS-DEMO,25.760086028972577,1005.6757970389815,52.872573987059006
2025-01-24 05:30:00+00:00,AWS-DEMO,26.203414249925896,1005.6820257906386,55.51797965958218
2025-01-24 05:40:00+00:00,AWS-DEMO,26.476759587053323,1005.6727117636378,52.916344367619786
2025-01-24 05:50:00+00:00,AWS-DEMO,26.619141578303097,1005.5280537845273,53.57516026943041
2025-01-24 06:00:00+00:00,AWS-DEMO,26.85218054838326,1005.5057549226617,52.359203415065274
2025-01-24 06:10:00+00:00,AWS-DEMO,26.67863131686144,1005.639041733338,51.625240351397956
2025-01-24 06:20:00+00:00,AWS-DEMO,27.034613268550867,1005.498905571403,53.48119486037309
2025-01-24 06:30:00+00:00,AWS-DEMO,27.245557500740354,1005.2886095506321,53.661408236719446
2025-01-24 06:40:00+00:00,AWS-DEMO,27.460047287317444,1005.5748414133639,51.241353776994494
2025-01-24 06:50:00+00:00,AWS-DEMO,27.218757127339156,1005.4033013341432,51.47559739148501
2025-01-24 07:00:00+00:00,AWS-DEMO,27.429762730466674,1005.518526571871,50.895425595387366
2025-01-24 07:10:00+00:00,AWS-DEMO,27.01238569970009,1005.5815935058749,52.28859476066141
2025-01-24 07:20:00+00:00,AWS-DEMO,27.563673651183155,1005.4373670702391,48.186466064110185
2025-01-24 07:30:00+00:00,AWS-DEMO,27.669646111138984,1005.5049883376461,50.44063516970258
2025-01-24 07:40:00+00:00,AWS-DEMO,27.636610676445482,1005.4086428408078,49.12309648031538
2025-01-24 07:50:00+00:00,AWS-DEMO,27.964379602404037,1005.5170508416658,47.30419165420937
2025-01-24 08:00:00+00:00,AWS-DEMO,27.97364731150117,1005.2579522425924,49.13314221341552
2025-01-24 08:10:00+00:00,AWS-DEMO,27.53780147965717,1005.3321698680494,51.19913871334971
2025-01-24 08:20:00+00:00,AWS-DEMO,28.12187192351576,1005.3728979332067,48.57663122243071
2025-01-24 08:30:00+00:00,AWS-DEMO,27.900532101391136,1005.2746465301478,49.929435353239704
2025-01-24 08:40:00+00:00,AWS-DEMO,28.232520808504553,1005.3750486613349,50.26791021763343
2025-01-24 08:50:00+00:00,AWS-DEMO,27.855119288529487,1005.2121549500838,49.01182131816714
2025-01-24 09:00:00+00:00,AWS-DEMO,28.145703759340595,1005.417124530765,49.12505208812692
2025-01-24 09:10:00+00:00,AWS-DEMO,28.069285599145623,1005.4019032335785,47.293214454979015
2025-01-24 09:20:00+00:00,AWS-DEMO,28.181249745381887,1005.2165263616314,48.32309412413216
2025-01-24 09:30:00+00:00,AWS-DEMO,28.115514364806103,1005.2213465599714,50.00078607427406
2025-01-24 09:40:00+00:00,AWS-DEMO,27.99602562671884,1005.2596012800029,49.23365096557837
2025-01-24 09:50:00+00:00,AWS-DEMO,27.668887075512014,1005.0265345540756,49.64403101376404
2025-01-24 10:00:00+00:00,AWS-DEMO,27.627286125244733,1004.9966536247257,49.537893963262846
2025-01-24 10:10:00+00:00,AWS-DEMO,27.76001423484793,1005.2095087031202,51.74887493346834
2025-01-24 10:20:00+00:00,AWS-DEMO,27.81374836768213,1005.103159056412,49.302286568610114
2025-01-24 10:30:00+00:00,AWS-DEMO,27.59988693204879,1005.040580451053,51.537620539237565
2025-01-24 10:40:00+00:00,AWS-DEMO,27.780555575342575,1005.0448539257928,50.288209883758554
2025-01-24 10:50:00+00:00,AWS-DEMO,27.482225562243,1004.8124406923323,52.094073472377104
2025-01-24 11:00:00+00:00,AWS-DEMO,27.22351266402297,1004.9938329493647,49.44227253707357
2025-01-24 11:10:00+00:00,AWS-DEMO,27.258506195124248,1004.9274980533039,51.140981777376844
2025-01-24 11:20:00+00:00,AWS-DEMO,27.245169429155688,1005.0626981567652,50.87287793006744
2025-01-24 11:30:00+00:00,AWS-DEMO,27.134894531001578,1005.0549549612972,51.736841684657016
2025-01-24 11:40:00+00:00,AWS-DEMO,27.336990435071534,1005.0031842763082,53.17049404713556
2025-01-24 11:50:00+00:00,AWS-DEMO,26.629556905932656,1004.9733239614206,52.69695614808775
2025-01-24 12:00:00+00:00,AWS-DEMO,26.60643373441792,1004.7900072441629,53.92713830971294
2025-01-24 12:10:00+00:00,AWS-DEMO,26.555423409538758,1004.9655645776626,52.442988724902904
2025-01-24 12:20:00+00:00,AWS-DEMO,26.289091087292523,1004.9573085163736,52.713905689641194
2025-01-24 12:30:00+00:00,AWS-DEMO,26.010475346158334,1005.0016179672876,53.992650358581024
2025-01-24 12:40:00+00:00,AWS-DEMO,25.600261316060276,1005.0697224157245,54.39314092849235
2025-01-24 12:50:00+00:00,AWS-DEMO,25.643651596285252,1004.7169428552703,54.7157628954865
2025-01-24 13:00:00+00:00,AWS-DEMO,25.329550718860503,1004.8251677951906,54.4265121033384
2025-01-24 13:10:00+00:00,AWS-DEMO,24.990786530402058,1004.7848612560726,57.08009457256986
2025-01-24 13:20:00+00:00,AWS-DEMO,24.99597134653536,1004.859410925437,56.0267435582761
2025-01-24 13:30:00+00:00,AWS-DEMO,24.736916985105964,1004.838004057918,58.33467395224234
2025-01-24 13:40:00+00:00,AWS-DEMO,24.888220191013893,1004.8093415712243,57.45024970250346
2025-01-24 13:50:00+00:00,AWS-DEMO,24.681175769371006,1004.9172074909947,58.6237406904098
2025-01-24 14:00:00+00:00,AWS-DEMO,24.13626031751362,1004.720616394496,59.078704460816006
2025-01-24 14:10:00+00:00,AWS-DEMO,24.06146849507729,1004.7217718476443,58.24924867100518
2025-01-24 14:20:00+00:00,AWS-DEMO,23.491339275371423,1004.7197309716638,59.999055503805906
2025-01-24 14:30:00+00:00,AWS-DEMO,23.5710667507001,1004.7766291494257,62.12325944899431
2025-01-24 14:40:00+00:00,AWS-DEMO,23.545911030590236,1004.6963401104708,61.01329274675734
2025-01-24 14:50:00+00:00,AWS-DEMO,23.41699162363548,1004.8011006315844,62.23231977269806
2025-01-24 15:00:00+00:00,AWS-DEMO,22.85547605886299,1004.7898367894969,62.59520965859554
2025-01-24 15:10:00+00:00,AWS-DEMO,23.02048157303949,1004.7338979108888,62.780335441824036
2025-01-24 15:20:00+00:00,AWS-DEMO,22.232649694351586,1004.8839643976123,63.23048591647042
2025-01-24 15:30:00+00:00,AWS-DEMO,22.0693683831105,1004.8012913998209,64.160339241425
2025-01-24 15:40:00+00:00,AWS-DEMO,22.27884638573515,1004.90427640941,64.94254282081387
2025-01-24 15:50:00+00:00,AWS-DEMO,22.270782839654085,1004.7937356893015,63.38948342182242
2025-01-24 16:00:00+00:00,AWS-DEMO,21.794056255881117,1004.8124134640844,65.5464261884989
2025-01-24 16:10:00+00:00,AWS-DEMO,21.461345471634584,1004.7678775310944,65.6665573795095
2025-01-24 16:20:00+00:00,AWS-DEMO,20.77475491998848,1004.8224530062021,66.00361556619801
2025-01-24 16:30:00+00:00,AWS-DEMO,20.60338175327673,1004.8923546504346,68.22758168100572
2025-01-24 16:40:00+00:00,AWS-DEMO,20.87095447545074,1004.7969917944836,66.72590170334377
2025-01-24 16:50:00+00:00,AWS-DEMO,20.561796979823306,1004.8870013702638,66.58167069972663
2025-01-24 17:00:00+00:00,AWS-DEMO,20.199670725754,1004.7740858224553,69.27853363532576
2025-01-24 17:10:00+00:00,AWS-DEMO,20.264419701177044,1004.9229736780811,67.55683286316764
2025-01-24 17:20:00+00:00,AWS-DEMO,20.087402101271543,1004.8104110506013,67.53079338266518
2025-01-24 17:30:00+00:00,AWS-DEMO,20.08728667749798,1004.9476937268691,70.83470781893077
2025-01-24 17:40:00+00:00,AWS-DEMO,19.73271953850053,1004.8854451901798,70.53817992192602
2025-01-24 17:50:00+00:00,AWS-DEMO,19.80210323685596,1005.0262101651158,71.2896567873387
2025-01-24 18:00:00+00:00,AWS-DEMO,19.369158475086447,1004.7952542142829,70.79562883889389
2025-01-24 18:10:00+00:00,AWS-DEMO,19.184227514693422,1004.7764652893029,70.25761843143407
2025-01-24 18:20:00+00:00,AWS-DEMO,19.29290104739779,1004.8644427143873,70.84229634189695
2025-01-24 18:30:00+00:00,AWS-DEMO,18.699874691079284,1004.8062231577575,72.12332069869953
2025-01-24 18:40:00+00:00,AWS-DEMO,19.398182337513887,1004.8176567279604,71.4712116771433
2025-01-24 18:50:00+00:00,AWS-DEMO,18.733176168629935,1005.0096095098598,73.37880006432763
2025-01-24 19:00:00+00:00,AWS-DEMO,18.613996826482975,1004.9651362787417,72.91683650388484
2025-01-24 19:10:00+00:00,AWS-DEMO,18.533530306456303,1004.9344314358666,73.85071876626725
2025-01-24 19:20:00+00:00,AWS-DEMO,18.72717908704202,1004.9550865509041,74.08552689092436
2025-01-24 19:30:00+00:00,AWS-DEMO,18.393354820018278,1004.9486642117399,74.55969036148362
2025-01-24 19:40:00+00:00,AWS-DEMO,17.779452138211127,1005.1636147682067,74.89225200813085
2025-01-24 19:50:00+00:00,AWS-DEMO,18.363812583851814,1004.9616868386784,74.24570807234323
2025-01-24 20:00:00+00:00,AWS-DEMO,17.911599189732193,1004.921797150386,74.94701552261289
2025-01-24 20:10:00+00:00,AWS-DEMO,17.950902696190404,1005.1254177010046,75.14877300188975
2025-01-24 20:20:00+00:00,AWS-DEMO,17.595914336113616,1005.0473871737942,72.60960213640061
2025-01-24 20:30:00+00:00,AWS-DEMO,17.95251282289198,1005.2633459258833,75.7865284812507
2025-01-24 20:40:00+00:00,AWS-DEMO,17.66229000007824,1005.045539018932,75.36705796650621
2025-01-24 20:50:00+00:00,AWS-DEMO,17.805970755434036,1005.182038597638,75.83374704860906
2025-01-24 21:00:00+00:00,AWS-DEMO,17.709303176996784,1005.2162328426928,74.01081987198822
2025-01-24 21:10:00+00:00,AWS-DEMO,18.19272494769443,1005.0847540045966,74.9851989641098
2025-01-24 21:20:00+00:00,AWS-DEMO,18.212279322243518,1005.0775263796506,74.18810235789208
2025-01-24 21:30:00+00:00,AWS-DEMO,17.802896621357263,1005.2236752389546,75.97829856876889
2025-01-24 21:40:00+00:00,AWS-DEMO,17.832703151430653,1005.2210759957297,73.75815341059048
2025-01-24 21:50:00+00:00,AWS-DEMO,17.771860521249884,1005.0545576703643,74.13984377757679
2025-01-24 22:00:00+00:00,AWS-DEMO,18.14207990225087,1005.0918970077299,75.48389210877225
2025-01-24 22:10:00+00:00,AWS-DEMO,17.88039460949062,1004.9768618550664,74.17737478202646
2025-01-24 22:20:00+00:00,AWS-DEMO,17.923208887575342,1005.2701249240231,73.71190867468799
2025-01-24 22:30:00+00:00,AWS-DEMO,18.303359637341288,1005.2040655578785,75.35727935782029
2025-01-24 22:40:00+00:00,AWS-DEMO,18.05068479174568,1005.2237925237323,75.18561925111976
2025-01-24 22:50:00+00:00,AWS-DEMO,18.25055955162853,1005.0965548419036,74.72483338929469
2025-01-24 23:00:00+00:00,AWS-DEMO,18.00926791903523,1005.1599743425376,74.59429685197716
2025-01-24 23:10:00+00:00,AWS-DEMO,18.61871005639345,1005.2254041028164,73.23530839708069
2025-01-24 23:20:00+00:00,AWS-DEMO,19.005541925150418,1005.2171050234272,72.96261708614847
2025-01-24 23:30:00+00:00,AWS-DEMO,18.859889376521114,1005.296970425922,72.19905951591359
2025-01-24 23:40:00+00:00,AWS-DEMO,19.153149242629866,1005.3471658796174,72.67503448211757
2025-01-24 23:50:00+00:00,AWS-DEMO,18.783154545828516,1005.5067269216976,71.62046851506861
2025-01-25 00:00:00+00:00,AWS-DEMO,19.166172781871932,1005.3079705311885,71.33795891573055
2025-01-25 00:10:00+00:00,AWS-DEMO,19.058428854048188,1005.4169546014108,71.9759155185026
2025-01-25 00:20:00+00:00,AWS-DEMO,19.374120730516886,1005.2481379933662,72.14864469854484
2025-01-25 00:30:00+00:00,AWS-DEMO,19.758675211697813,1005.1778143945,70.93435752952897
2025-01-25 00:40:00+00:00,AWS-DEMO,19.78168324021998,1005.3020203482039,71.88713826529717
2025-01-25 00:50:00+00:00,AWS-DEMO,19.62459900231983,1005.1945326117766,68.92962632114141
2025-01-25 01:00:00+00:00,AWS-DEMO,19.827432461932204,1005.3436697490962,67.32596975857818
2025-01-25 01:10:00+00:00,AWS-DEMO,19.99915140918595,1005.2755419985683,69.39477233207501
2025-01-25 01:20:00+00:00,AWS-DEMO,20.60194439148555,1005.1727360461855,67.41284714736324
2025-01-25 01:30:00+00:00,AWS-DEMO,21.14287807297906,1005.5070972410186,67.40482195824453
2025-01-25 01:40:00+00:00,AWS-DEMO,21.187360118810755,1005.3041000825551,65.39282998917511
2025-01-25 01:50:00+00:00,AWS-DEMO,20.672717460862355,1005.2061072035999,65.73880756552327
2025-01-25 02:00:00+00:00,AWS-DEMO,21.60771152786572,1005.4347241004538,64.60347769304437
2025-01-25 02:10:00+00:00,AWS-DEMO,21.708952394510003,1005.2880904503667,65.13241691259063
2025-01-25 02:20:00+00:00,AWS-DEMO,21.373074862716674,1005.4509384716098,64.62755615766619
2025-01-25 02:30:00+00:00,AWS-DEMO,21.85825413197123,1005.2853570497091,64.56288345140236
2025-01-25 02:40:00+00:00,AWS-DEMO,22.37930275927106,1005.3006037945187,65.15995366334188
2025-01-25 02:50:00+00:00,AWS-DEMO,22.473712234054542,1005.3776275954474,64.04200807983862
2025-01-25 03:00:00+00:00,AWS-DEMO,22.279530819304764,1005.3966810783943,61.18644272592067
2025-01-25 03:10:00+00:00,AWS-DEMO,22.916980799787428,1005.4085494786967,62.85985649037508
2025-01-25 03:20:00+00:00,AWS-DEMO,22.527208938491658,1005.3268066798483,61.80762199041981
2025-01-25 03:30:00+00:00,AWS-DEMO,23.16262083360282,1005.377367200267,61.04394267566845
2025-01-25 03:40:00+00:00,AWS-DEMO,23.67510260638735,1005.3912267069257,60.56792157815307
2025-01-25 03:50:00+00:00,AWS-DEMO,23.64042577683243,1005.3359303589033,60.24804486354956
2025-01-25 04:00:00+00:00,AWS-DEMO,23.736347897847686,1005.2982410930083,58.809557936674636
2025-01-25 04:10:00+00:00,AWS-DEMO,24.249208932882244,1005.1736599129666,58.78317924028029
2025-01-25 04:20:00+00:00,AWS-DEMO,24.47273998740295,1005.3497871074676,59.620728254686604
2025-01-25 04:30:00+00:00,AWS-DEMO,24.748153322842317,1005.2912658723557,57.212343117861735
2025-01-25 04:40:00+00:00,AWS-DEMO,24.85046898335771,1005.2413535118393,56.37503304680437
2025-01-25 04:50:00+00:00,AWS-DEMO,25.090321791290652,1005.3842036058095,56.84209236461629
2025-01-25 05:00:00+00:00,AWS-DEMO,25.20372652360706,1005.1308604062514,55.28329344955924
2025-01-25 05:10:00+00:00,AWS-DEMO,25.286364982413374,1005.3970436908091,54.21327227803589
2025-01-25 05:20:00+00:00,AWS-DEMO,25.42813937793872,1005.2363650261252,55.1268498534114
2025-01-25 05:30:00+00:00,AWS-DEMO,25.531437113054732,1005.2558305849483,56.46917279337244
2025-01-25 05:40:00+00:00,AWS-DEMO,25.486449843340214,1005.1802012135324,54.54603259378279
2025-01-25 05:50:00+00:00,AWS-DEMO,25.70656116162828,1005.0538593598775,54.343002993406834
2025-01-25 06:00:00+00:00,AWS-DEMO,26.011951429531216,1005.1791346429753,51.630591953750574
2025-01-25 06:10:00+00:00,AWS-DEMO,26.27778103890552,1005.2093171614436,53.81249588059349
2025-01-25 06:20:00+00:00,AWS-DEMO,26.685417861757113,1005.2272527547505,53.09943962794947
2025-01-25 06:30:00+00:00,AWS-DEMO,26.49585353335538,1005.1355090017678,51.991658994787485
2025-01-25 06:40:00+00:00,AWS-DEMO,26.854991282997894,1004.9427061193201,52.506608762604785
2025-01-25 06:50:00+00:00,AWS-DEMO,26.993170906833058,1004.9877776387809,52.18679957276826
2025-01-25 07:00:00+00:00,AWS-DEMO,26.818379850910866,1005.2975181574805,50.66805748155724
2025-01-25 07:10:00+00:00,AWS-DEMO,27.105567865847245,1005.0006616354586,51.79158761814114
2025-01-25 07:20:00+00:00,AWS-DEMO,27.018253936065708,1005.2134499179017,52.4109116113724
2025-01-25 07:30:00+00:00,AWS-DEMO,27.45126127068777,1004.9868735533646,50.762222152708674
2025-01-25 07:40:00+00:00,AWS-DEMO,27.380132635711696,1005.0403749895504,49.92175093385778
2025-01-25 07:50:00+00:00,AWS-DEMO,27.049334771542526,1005.0988768868943,50.43414631630753
2025-01-25 08:00:00+00:00,AWS-DEMO,27.408769928657954,1004.9545890865606,51.31228221884717
2025-01-25 08:10:00+00:00,AWS-DEMO,27.788689738995654,1005.1575196879575,49.101171140439746
2025-01-25 08:20:00+00:00,AWS-DEMO,27.429877513046904,1005.0068939460975,50.80001912359066
2025-01-25 08:30:00+00:00,AWS-DEMO,27.602574740250454,1005.0274864041218,49.46179299413156
2025-01-25 08:40:00+00:00,AWS-DEMO,27.649116577091235,1004.947958982172,50.32477233080508
2025-01-25 08:50:00+00:00,AWS-DEMO,27.31647751615784,1005.0174934522985,49.48596787645728
2025-01-25 09:00:00+00:00,AWS-DEMO,27.66293398478373,1005.0866249308876,49.47564623685939
2025-01-25 09:10:00+00:00,AWS-DEMO,27.24049547019109,1004.9192312507687,51.58293529237026
2025-01-25 09:20:00+00:00,AWS-DEMO,27.396583193424835,1005.0734512077786,48.69273601646265
2025-01-25 09:30:00+00:00,AWS-DEMO,27.74850231740926,1004.8497080785299,50.65392087732982
2025-01-25 09:40:00+00:00,AWS-DEMO,27.558533108738985,1004.960767087185,51.99125889749747
2025-01-25 09:50:00+00:00,AWS-DEMO,27.371902972566367,1004.9235646678165,51.06133493663538
2025-01-25 10:00:00+00:00,AWS-DEMO,27.48666388356455,1004.771243728098,49.18489778797025
2025-01-25 10:10:00+00:00,AWS-DEMO,27.315582377105553,1004.8748826069677,49.398657769828326
2025-01-25 10:20:00+00:00,AWS-DEMO,27.26284640592761,1004.8449036646635,50.1166307748096
2025-01-25 10:30:00+00:00,AWS-DEMO,27.32689968914421,1004.7564566735782,51.23762393346634
2025-01-25 10:40:00+00:00,AWS-DEMO,26.935888078083934,1004.8548938561756,51.54018368396291
2025-01-25 10:50:00+00:00,AWS-DEMO,27.009642960934173,1004.825719253553,50.29971382030477
2025-01-25 11:00:00+00:00,AWS-DEMO,26.82845876491506,1004.7963725077348,50.97800305694934
2025-01-25 11:10:00+00:00,AWS-DEMO,26.43643711925268,1004.7875799594617,51.340303166415495
2025-01-25 11:20:00+00:00,AWS-DEMO,26.462815219858275,1004.7770130914128,52.293192085651036
2025-01-25 11:30:00+00:00,AWS-DEMO,26.88252573246201,1004.7439187457975,54.801328703411606
2025-01-25 11:40:00+00:00,AWS-DEMO,26.486764137616234,1004.7820492877481,52.24605567565062
2025-01-25 11:50:00+00:00,AWS-DEMO,25.96819533833064,1004.7045374849091,52.58414578905538
2025-01-25 12:00:00+00:00,AWS-DEMO,25.770690862292653,1004.9952184227832,52.82837531171913
2025-01-25 12:10:00+00:00,AWS-DEMO,25.92828390779104,1004.6234878257014,55.015287791950485
2025-01-25 12:20:00+00:00,AWS-DEMO,26.133314996818395,1004.6925453815475,54.77367559960755
2025-01-25 12:30:00+00:00,AWS-DEMO,25.57947222182842,1004.6951342308722,54.37030938722263
2025-01-25 12:40:00+00:00,AWS-DEMO,25.732935075243276,1004.920423296138,55.37067145376878
2025-01-25 12:50:00+00:00,AWS-DEMO,25.342118504111603,1004.614754862827,55.42343857968695
2025-01-25 13:00:00+00:00,AWS-DEMO,25.182471690934005,1004.7693588806325,57.00598354326882
2025-01-25 13:10:00+00:00,AWS-DEMO,24.594197079945292,1004.7515204170023,59.90235869722392
2025-01-25 13:20:00+00:00,AWS-DEMO,24.89908692027385,1004.7580165963425,58.28854353242145
2025-01-25 13:30:00+00:00,AWS-DEMO,24.419810134837167,1004.8387860224519,58.17523325662956
2025-01-25 13:40:00+00:00,AWS-DEMO,24.48030347973722,1004.8371635526402,58.14365240823544
2025-01-25 13:50:00+00:00,AWS-DEMO,23.90488315963908,1004.6880820550624,58.01449662548331
2025-01-25 14:00:00+00:00,AWS-DEMO,23.913569537863783,1004.7477676911685,60.64870038956796
2025-01-25 14:10:00+00:00,AWS-DEMO,23.740115117165075,1004.5648855224334,61.15829155709085
2025-01-25 14:20:00+00:00,AWS-DEMO,23.414682477235743,1004.744632967441,60.58253064659674
2025-01-25 14:30:00+00:00,AWS-DEMO,23.321710714591184,1004.6680261503496,62.83637134164975
2025-01-25 14:40:00+00:00,AWS-DEMO,22.956899483854368,1004.7271902293567,62.22219651300119
2025-01-25 14:50:00+00:00,AWS-DEMO,22.654576969504113,1004.5974663463304,63.55647724284736
2025-01-25 15:00:00+00:00,AWS-DEMO,22.931920885691955,1004.7914748160234,63.66003858701779
2025-01-25 15:10:00+00:00,AWS-DEMO,22.59072474860487,1004.6089273144102,63.76924961008206
2025-01-25 15:20:00+00:00,AWS-DEMO,21.97411686325911,1004.7822351101145,63.5733836051562
2025-01-25 15:30:00+00:00,AWS-DEMO,22.04884299188103,1004.6664556960476,64.96287453223471
2025-01-25 15:40:00+00:00,AWS-DEMO,21.543813601912788,1004.7089965973889,66.52778966194103
2025-01-25 15:50:00+00:00,AWS-DEMO,21.23154091783157,1004.8986741455814,65.75104695324121
2025-01-25 16:00:00+00:00,AWS-DEMO,21.506537520541148,1004.8575940249457,67.26741948011555
2025-01-25 16:10:00+00:00,AWS-DEMO,20.693489511091453,1004.9186791939593,66.30743843444615
2025-01-25 16:20:00+00:00,AWS-DEMO,21.06435612913313,1004.966818236118,68.72568788737885
2025-01-25 16:30:00+00:00,AWS-DEMO,20.60006486968262,1004.768686505001,68.80595742180543
2025-01-25 16:40:00+00:00,AWS-DEMO,20.407888215563098,1004.9855398024213,67.82921091813161
2025-01-25 16:50:00+00:00,AWS-DEMO,20.347269665433306,1004.731701192992,69.33553694897151
2025-01-25 17:00:00+00:00,AWS-DEMO,20.191990386204395,1004.9442658719361,71.00817080854434
2025-01-25 17:10:00+00:00,AWS-DEMO,19.69400667209594,1004.8467732078127,69.32286998125194
2025-01-25 17:20:00+00:00,AWS-DEMO,19.850408723163575,1004.8220198609791,70.00318762016298
2025-01-25 17:30:00+00:00,AWS-DEMO,19.539537531195244,1004.9761179348278,71.48303219928341
2025-01-25 17:40:00+00:00,AWS-DEMO,19.06606932300975,1005.0214036869661,74.14952683366808
2025-01-25 17:50:00+00:00,AWS-DEMO,19.13888041325281,1005.0347255464325,71.79170844401662
2025-01-25 18:00:00+00:00,AWS-DEMO,19.320347836687137,1004.988109594941,73.39125199762609
2025-01-25 18:10:00+00:00,AWS-DEMO,19.232197323176113,1004.9974724469615,73.57061480286598
2025-01-25 18:20:00+00:00,AWS-DEMO,18.87500100894558,1005.0502167530261,73.11751251932121
2025-01-25 18:30:00+00:00,AWS-DEMO,18.316382855322896,1005.0476928580812,74.24604638317872
2025-01-25 18:40:00+00:00,AWS-DEMO,18.554766828549113,1005.0869581926244,73.99559816703248
2025-01-25 18:50:00+00:00,AWS-DEMO,18.51034881614293,1005.0747782823659,74.42413556885184
2025-01-25 19:00:00+00:00,AWS-DEMO,18.367128219444865,1005.150723979609,73.43855045141422
2025-01-25 19:10:00+00:00,AWS-DEMO,18.27268297219551,1004.9471251917777,75.37206866693579
2025-01-25 19:20:00+00:00,AWS-DEMO,18.08084401542531,1005.1006771220125,76.57054804094267
2025-01-25 19:30:00+00:00,AWS-DEMO,17.894530152971647,1005.0070524655702,75.98160501926863
2025-01-25 19:40:00+00:00,AWS-DEMO,17.694929137196812,1005.1757692351846,77.24473718194496
2025-01-25 19:50:00+00:00,AWS-DEMO,17.338463812977956,1005.318038849169,76.94152615016728
2025-01-25 20:00:00+00:00,AWS-DEMO,17.767040177612692,1005.1470992756736,76.48518345143424
2025-01-25 20:10:00+00:00,AWS-DEMO,17.678751698185536,1005.2207949552227,76.07656440567719
2025-01-25 20:20:00+00:00,AWS-DEMO,17.715284133239855,1005.2970458769769,76.35395828538071
2025-01-25 20:30:00+00:00,AWS-DEMO,17.262538442084747,1005.0625020770447,75.48118393819173
2025-01-25 20:40:00+00:00,AWS-DEMO,17.67233470918518,1005.2212284181701,76.77164809571698
2025-01-25 20:50:00+00:00,AWS-DEMO,17.965567534970255,1005.3206031332513,77.24718488040028
2025-01-25 21:00:00+00:00,AWS-DEMO,17.52350000624316,1005.046573852034,78.85440617864997
2025-01-25 21:10:00+00:00,AWS-DEMO,17.49489986251854,1005.2387969216383,77.68040447177971
2025-01-25 21:20:00+00:00,AWS-DEMO,17.588220887024253,1005.4450645008147,76.27563673011328
2025-01-25 21:30:00+00:00,AWS-DEMO,17.98865640861451,1005.4553778461494,75.66489096105282
2025-01-25 21:40:00+00:00,AWS-DEMO,17.347130215873424,1005.417733184433,76.83693909128247
2025-01-25 21:50:00+00:00,AWS-DEMO,17.657260085981175,1005.482167088191,77.77009922052474
2025-01-25 22:00:00+00:00,AWS-DEMO,17.486208065721264,1005.4406150170756,76.62836842693659
2025-01-25 22:10:00+00:00,AWS-DEMO,17.600633278347548,1005.4894628636893,77.25766619698547
2025-01-25 22:20:00+00:00,AWS-DEMO,17.778059159604712,1005.428999877463,76.37758764615813
2025-01-25 22:30:00+00:00,AWS-DEMO,18.16240019714859,1005.485447926935,77.09541009205135
2025-01-25 22:40:00+00:00,AWS-DEMO,18.34810755869936,1005.4353878683096,74.57788985307894
2025-01-25 22:50:00+00:00,AWS-DEMO,18.145100227676565,1005.6229278462765,77.55352981671479
2025-01-25 23:00:00+00:00,AWS-DEMO,18.066818002686563,1005.6626817076747,74.5889885948924
2025-01-25 23:10:00+00:00,AWS-DEMO,18.809577412908293,1005.6660523612057,76.22575826422208
2025-01-25 23:20:00+00:00,AWS-DEMO,18.286754787718095,1005.5208199137423,74.86937152861877
2025-01-25 23:30:00+00:00,AWS-DEMO,18.382719009350875,1005.4869498813842,74.71481915483714
2025-01-25 23:40:00+00:00,AWS-DEMO,18.253103145733,1005.70248800221,74.25882384634869
2025-01-25 23:50:00+00:00,AWS-DEMO,19.0933668425084,1005.6507954373475,74.40565920720665
