timestamp,station_id,temperature,pressure,humidity,injected_fault
2025-01-26 00:00:00+00:00,AWS-DEMO,19.14902194630576,1005.6451949906215,74.23925773810338,False
2025-01-26 00:10:00+00:00,AWS-DEMO,19.62456871404375,1005.571852958597,74.4540577024563,False
2025-01-26 00:20:00+00:00,AWS-DEMO,18.950166526940244,1005.6799105787694,74.40066100332864,False
2025-01-26 00:30:00+00:00,AWS-DEMO,19.746127790778015,1005.5560961452616,72.90540337017252,False
2025-01-26 00:40:00+00:00,AWS-DEMO,19.616166900389864,1005.7224433877853,73.85281117797577,False
2025-01-26 00:50:00+00:00,AWS-DEMO,19.959093037077086,1005.8005085249914,71.7832108680017,False
2025-01-26 01:00:00+00:00,AWS-DEMO,19.605519048229365,1005.8336473485662,72.3052147815209,False
2025-01-26 01:10:00+00:00,AWS-DEMO,20.48220031656489,1005.7604689527727,71.18137921729324,False
2025-01-26 01:20:00+00:00,AWS-DEMO,20.528000415380877,1005.5815640340884,69.7166275377155,False
2025-01-26 01:30:00+00:00,AWS-DEMO,20.546333306569053,1005.7323383779534,69.94948727457553,False
2025-01-26 01:40:00+00:00,AWS-DEMO,20.900549814091573,1005.9151653185917,69.76407562999904,False
2025-01-26 01:50:00+00:00,AWS-DEMO,20.797367466639813,1005.6518121599457,68.71258594896264,False
2025-01-26 02:00:00+00:00,AWS-DEMO,21.048479657277777,1005.7314286480297,68.6337673911754,False
2025-01-26 02:10:00+00:00,AWS-DEMO,21.286810368608737,1005.8701123739659,68.5556786783406,False
2025-01-26 02:20:00+00:00,AWS-DEMO,21.196209511864243,1005.8039489612994,67.13066991819836,False
2025-01-26 02:30:00+00:00,AWS-DEMO,22.01026162435129,1005.9765046312517,63.66926053562955,False
2025-01-26 02:40:00+00:00,AWS-DEMO,22.30110462024199,1005.6915895597816,67.74696546607555,False
2025-01-26 02:50:00+00:00,AWS-DEMO,22.10393960826145,1005.6721035379442,65.22416395311515,False
2025-01-26 03:00:00+00:00,AWS-DEMO,22.554709335459357,1005.8743672952038,64.15012397167798,False
2025-01-26 03:10:00+00:00,AWS-DEMO,22.639728145703952,1005.6589674993154,63.30060996937349,False
2025-01-26 03:20:00+00:00,AWS-DEMO,22.99016743481261,1005.7506808172172,63.54033690860527,False
2025-01-26 03:30:00+00:00,AWS-DEMO,22.99902325052208,1005.7636757912151,62.76792184096773,False
2025-01-26 03:40:00+00:00,AWS-DEMO,23.16080930417925,1005.8634268638341,62.05044580664488,False
2025-01-26 03:50:00+00:00,AWS-DEMO,23.803210071464402,1005.8254958419365,61.56608229068225,False
2025-01-26 04:00:00+00:00,AWS-DEMO,23.772402521959105,1005.8108030315161,62.243733818940285,False
2025-01-26 04:10:00+00:00,AWS-DEMO,24.443723365076128,1005.7323480441885,63.216217943590834,False
2025-01-26 04:20:00+00:00,AWS-DEMO,24.218757451697304,1005.8762747332694,61.485411083824495,False
2025-01-26 04:30:00+00:00,AWS-DEMO,24.211451294179067,1006.1270788427311,61.274571023336456,False
2025-01-26 04:40:00+00:00,AWS-DEMO,24.888254767811123,1005.8242890498876,59.270855959792094,False
2025-01-26 04:50:00+00:00,AWS-DEMO,24.95638068702592,1005.7678687729344,59.25937834982215,False
2025-01-26 05:00:00+00:00,AWS-DEMO,25.172555991964696,1005.6384388157809,59.09877097951832,False
2025-01-26 05:10:00+00:00,AWS-DEMO,25.465010858064538,1005.6937638953531,57.54238848903513,False
2025-01-26 05:20:00+00:00,AWS-DEMO,25.24493553512898,1005.7273564563848,57.3188869989671,False
2025-01-26 05:30:00+00:00,AWS-DEMO,25.540715605401473,1005.6935126909532,58.15575852949571,False
2025-01-26 05:40:00+00:00,AWS-DEMO,25.70550309809981,1005.7348208598684,57.96288712503041,False
2025-01-26 05:50:00+00:00,AWS-DEMO,25.62779099359326,1005.890557733164,56.527042089624,False
2025-01-26 06:00:00+00:00,AWS-DEMO,26.016004782522153,1005.8367002254006,54.867983345750076,False
2025-01-26 06:10:00+00:00,AWS-DEMO,26.523639506379826,1005.7037536270007,55.38831879653906,False
2025-01-26 06:20:00+00:00,AWS-DEMO,26.430602279817045,1005.602595838337,53.88136891638969,False
2025-01-26 06:30:00+00:00,AWS-DEMO,26.223838349240022,1005.8247209547137,55.05543395869421,False
2025-01-26 06:40:00+00:00,AWS-DEMO,18.0,1005.6927100545605,54.912595954138595,True
2025-01-26 06:50:00+00:00,AWS-DEMO,27.14684216623676,1005.5342836184881,54.08352413173878,False
2025-01-26 07:00:00+00:00,AWS-DEMO,26.87927064316559,1005.746134625566,54.31368033213706,False
2025-01-26 07:10:00+00:00,AWS-DEMO,26.867120459802127,1005.7665058474855,54.227870828720114,False
2025-01-26 07:20:00+00:00,AWS-DEMO,27.051337791072125,1005.447899010649,53.82863066411588,False
2025-01-26 07:30:00+00:00,AWS-DEMO,26.880139795396104,1005.5839442097921,52.153327079176435,False
2025-01-26 07:40:00+00:00,AWS-DEMO,27.603053362827055,1005.6400515936043,52.90742028433008,False
2025-01-26 07:50:00+00:00,AWS-DEMO,27.279462912468997,1005.7078802813711,53.399498831305365,False
2025-01-26 08:00:00+00:00,AWS-DEMO,27.73372294943938,1005.5871111895549,54.42084436363199,False
2025-01-26 08:10:00+00:00,AWS-DEMO,27.502093893440367,1005.5503907665596,52.44650585430646,False
2025-01-26 08:20:00+00:00,AWS-DEMO,27.85383465365305,1005.6825138922561,53.169664548716355,False
2025-01-26 08:30:00+00:00,AWS-DEMO,27.635101692099916,1005.5667636322087,53.421688358138134,False
2025-01-26 08:40:00+00:00,AWS-DEMO,27.796246325094423,1005.6496292602869,52.29611955654508,False
2025-01-26 08:50:00+00:00,AWS-DEMO,27.787205499503365,1005.4928560777803,53.614997269952546,False
2025-01-26 09:00:00+00:00,AWS-DEMO,27.777129329410815,1005.4633756863947,53.667322966386344,False
2025-01-26 09:10:00+00:00,AWS-DEMO,27.7180663290583,1005.6454264409427,53.86884968622197,False
2025-01-26 09:20:00+00:00,AWS-DEMO,27.582327142907864,1005.5927470445708,52.99496090169247,False
2025-01-26 09:30:00+00:00,AWS-DEMO,28.03752262872756,1005.6458385471561,54.96942239856892,False
2025-01-26 09:40:00+00:00,AWS-DEMO,27.389751797446944,1005.5079380698587,52.09134877848831,False
2025-01-26 09:50:00+00:00,AWS-DEMO,27.55401189074656,1005.4776494591208,54.952497448450785,False
2025-01-26 10:00:00+00:00,AWS-DEMO,27.510835696820894,1005.6653211957456,53.74275294819548,False
2025-01-26 10:10:00+00:00,AWS-DEMO,27.54139740915264,1005.3997737726457,54.48487828015893,False
2025-01-26 10:20:00+00:00,AWS-DEMO,27.294589435638,1005.6438164573713,53.018207160421426,False
2025-01-26 10:30:00+00:00,AWS-DEMO,27.385571561408057,1005.6447614456355,54.39985752797041,False
2025-01-26 10:40:00+00:00,AWS-DEMO,27.19762170389526,1005.5984652543018,55.222501807126996,False
2025-01-26 10:50:00+00:00,AWS-DEMO,26.79652455641119,1005.454729172117,52.97089991388242,False
2025-01-26 11:00:00+00:00,AWS-DEMO,27.04796811658319,1005.4391753863214,54.17978549415989,False
2025-01-26 11:10:00+00:00,AWS-DEMO,26.696774526309145,1005.4902659727248,52.508328722138124,False
2025-01-26 11:20:00+00:00,AWS-DEMO,26.442296237482303,1005.3896245509176,54.798787461133514,False
2025-01-26 11:30:00+00:00,AWS-DEMO,26.731090918207286,1005.4171514572691,54.50913354837864,False
2025-01-26 11:40:00+00:00,AWS-DEMO,26.677826829768335,1005.5597935287576,55.47525153957875,False
2025-01-26 11:50:00+00:00,AWS-DEMO,26.54853087521327,1005.5588282131683,59.003732371851406,False
2025-01-26 12:00:00+00:00,AWS-DEMO,26.41251990436529,1005.4051173247549,58.203454204298716,False
2025-01-26 12:10:00+00:00,AWS-DEMO,25.71086069972141,1005.5602112694014,55.469521144987404,False
2025-01-26 12:20:00+00:00,AWS-DEMO,25.678393045609067,1005.5406327847378,57.90501188099537,False
2025-01-26 12:30:00+00:00,AWS-DEMO,26.24758461157953,1005.6366382874162,58.60469476220219,False
2025-01-26 12:40:00+00:00,AWS-DEMO,25.41274367119726,1005.5536044527105,57.93970936392483,False
2025-01-26 12:50:00+00:00,AWS-DEMO,25.601692079600102,1005.5999303450943,58.942247771786455,False
2025-01-26 13:00:00+00:00,AWS-DEMO,25.13515776265734,1005.5505235867491,130.0,True
2025-01-26 13:10:00+00:00,AWS-DEMO,25.11794029797968,1005.5993707090091,58.429885905304765,False
2025-01-26 13:20:00+00:00,AWS-DEMO,24.770736919156217,1005.3995970103415,59.269536761383556,False
2025-01-26 13:30:00+00:00,AWS-DEMO,24.83911436039507,1005.5094178212963,61.008317033787314,False
2025-01-26 13:40:00+00:00,AWS-DEMO,24.54744750641115,1005.5224860291719,61.48038016765919,False
2025-01-26 13:50:00+00:00,AWS-DEMO,24.217159469504804,1005.5103633631983,61.2261744747521,False
2025-01-26 14:00:00+00:00,AWS-DEMO,23.88020663457535,1005.5792468384482,61.70190517290996,False
2025-01-26 14:10:00+00:00,AWS-DEMO,23.96304820395941,1005.6040790124359,62.97479828427191,False
2025-01-26 14:20:00+00:00,AWS-DEMO,23.428067002575176,1005.5906679486844,64.52473147822869,False
2025-01-26 14:30:00+00:00,AWS-DEMO,23.5778780621106,1005.5485112761147,64.1407483213031,False
2025-01-26 14:40:00+00:00,AWS-DEMO,23.849275207910924,1005.5079813886072,66.42220401488206,False
2025-01-26 14:50:00+00:00,AWS-DEMO,23.3551634250194,1005.6833909163654,64.68840537309995,False
2025-01-26 15:00:00+00:00,AWS-DEMO,23.002315057298127,1005.6272488888881,66.16352543254798,False
2025-01-26 15:10:00+00:00,AWS-DEMO,22.61148733342409,1005.5159023835799,66.20266747384358,False
2025-01-26 15:20:00+00:00,AWS-DEMO,21.990142835586166,1005.6026193754798,67.73074858272882,False
2025-01-26 15:30:00+00:00,AWS-DEMO,21.91283256184771,1005.4762886060188,66.9452232164187,False
2025-01-26 15:40:00+00:00,AWS-DEMO,22.27415014046342,1005.6501545144556,70.23535573140116,False
2025-01-26 15:50:00+00:00,AWS-DEMO,21.607933709393524,1005.6435431719631,67.19454602309727,False
2025-01-26 16:00:00+00:00,AWS-DEMO,21.419541430111618,1005.6247503665039,71.17283033993863,False
2025-01-26 16:10:00+00:00,AWS-DEMO,21.330987796238077,1005.834737292211,70.11346864721618,False
2025-01-26 16:20:00+00:00,AWS-DEMO,20.930592118496342,1005.604342057986,71.13493194629034,False
2025-01-26 16:30:00+00:00,AWS-DEMO,20.694316978783267,1005.7888305300735,72.46792877517005,False
2025-01-26 16:40:00+00:00,AWS-DEMO,20.756607096707107,1005.9394884555917,72.53281887167473,False
2025-01-26 16:50:00+00:00,AWS-DEMO,20.379004080586498,1005.8576214070748,71.4767460552877,False
2025-01-26 17:00:00+00:00,AWS-DEMO,20.223844487758242,1005.776346085424,73.327364474812,False
2025-01-26 17:10:00+00:00,AWS-DEMO,20.031400251385307,1005.6961510963115,75.1031827651697,False
2025-01-26 17:20:00+00:00,AWS-DEMO,20.13959892406866,1005.6951595679006,72.84385129148053,False
2025-01-26 17:30:00+00:00,AWS-DEMO,19.800401622889176,1005.800707466486,76.33109923307029,False
2025-01-26 17:40:00+00:00,AWS-DEMO,19.644683562655807,1005.7963710862857,75.0651140549736,False
2025-01-26 17:50:00+00:00,AWS-DEMO,19.653835643037286,1005.8143252354857,74.69728552262742,False
2025-01-26 18:00:00+00:00,AWS-DEMO,19.336151074774452,1005.871005240336,74.67186401262722,False
2025-01-26 18:10:00+00:00,AWS-DEMO,19.157734314683523,1005.9128415818865,75.75925361542971,False
2025-01-26 18:20:00+00:00,AWS-DEMO,19.180949085294124,-13.0,74.42663847331198,True
2025-01-26 18:30:00+00:00,AWS-DEMO,19.090181121892037,1005.8550263847101,76.3473131658421,False
2025-01-26 18:40:00+00:00,AWS-DEMO,18.784041251298184,1005.9276880910801,76.86084747110183,False
2025-01-26 18:50:00+00:00,AWS-DEMO,18.71509349032656,1005.9976592723407,76.39050287822266,False
2025-01-26 19:00:00+00:00,AWS-DEMO,18.414306430835218,1006.0176262991241,78.53321493829164,False
2025-01-26 19:10:00+00:00,AWS-DEMO,18.294089129200756,1006.2239110890089,77.86579410190748,False
2025-01-26 19:20:00+00:00,AWS-DEMO,18.55819449751639,1006.1031428358165,77.72616039520551,False
2025-01-26 19:30:00+00:00,AWS-DEMO,18.401004448431785,1005.9607915280163,78.29172739396921,False
2025-01-26 19:40:00+00:00,AWS-DEMO,18.326183158824417,1006.1675624875472,79.20453736350028,False
2025-01-26 19:50:00+00:00,AWS-DEMO,18.219626951706083,1006.2030561179162,79.13187541923612,False
2025-01-26 20:00:00+00:00,AWS-DEMO,18.108885484662373,1006.1667846503341,78.54339680767735,False
2025-01-26 20:10:00+00:00,AWS-DEMO,18.201995318495953,1006.0929906270309,79.53191875063419,False
2025-01-26 20:20:00+00:00,AWS-DEMO,18.21385920059118,1006.3845925024249,79.49338603742896,False
2025-01-26 20:30:00+00:00,AWS-DEMO,18.17732947002305,1006.1542411044724,78.51807130748163,False
2025-01-26 20:40:00+00:00,AWS-DEMO,17.93285470594259,1006.3341258346794,79.4580009359281,False
2025-01-26 20:50:00+00:00,AWS-DEMO,18.247824400451712,1006.3167200491142,80.39017691632513,False
2025-01-26 21:00:00+00:00,AWS-DEMO,17.99013420281093,1006.3767521463565,80.42258605654862,False
2025-01-26 21:10:00+00:00,AWS-DEMO,18.085724167855634,1006.500135895026,79.63532899236985,False
2025-01-26 21:20:00+00:00,AWS-DEMO,18.02492787670807,1006.4207529837918,80.53215536946901,False
2025-01-26 21:30:00+00:00,AWS-DEMO,18.04299450645282,1006.3434316793977,78.84081448031584,False
2025-01-26 21:40:00+00:00,AWS-DEMO,17.862050139746064,1006.5165481393999,78.81256910740666,False
2025-01-26 21:50:00+00:00,AWS-DEMO,18.22289607157275,1006.3832713175169,79.42663671743752,False
2025-01-26 22:00:00+00:00,AWS-DEMO,18.748592545316235,1006.4775891200633,81.06753502516231,False
2025-01-26 22:10:00+00:00,AWS-DEMO,18.10345440994346,1006.3690008735147,79.60128103731522,False
2025-01-26 22:20:00+00:00,AWS-DEMO,18.27395187583885,1006.4145777069104,79.00699395079484,False
2025-01-26 22:30:00+00:00,AWS-DEMO,18.241605906474433,1006.5340524383533,80.64742958220735,False
2025-01-26 22:40:00+00:00,AWS-DEMO,18.322714062418193,1006.5840456227412,78.61426257618824,False
2025-01-26 22:50:00+00:00,AWS-DEMO,18.868872249301788,1006.4188046863479,80.91124120720302,False
2025-01-26 23:00:00+00:00,AWS-DEMO,18.488583877302194,1006.6374666216482,77.9183922303612,False
2025-01-26 23:10:00+00:00,AWS-DEMO,18.64821862285264,1006.5392198211176,77.14947942888472,False
2025-01-26 23:20:00+00:00,AWS-DEMO,18.527271073751322,1006.7479434899927,77.7052905371091,False
2025-01-26 23:30:00+00:00,AWS-DEMO,18.84174665790118,1006.6204229866142,77.31251037882045,False
2025-01-26 23:40:00+00:00,AWS-DEMO,18.772132817887716,1006.5698076142336,76.42393976696108,False
2025-01-26 23:50:00+00:00,AWS-DEMO,19.43393990652429,1006.6960769865293,79.48448489011717,False
2025-01-27 00:00:00+00:00,AWS-DEMO,20.064971519776787,1006.6245840195128,76.8334739265424,False
2025-01-27 00:10:00+00:00,AWS-DEMO,19.529314357589474,1006.8384940080027,76.59365366216439,False
2025-01-27 00:20:00+00:00,AWS-DEMO,19.41079693679594,1006.7410182357314,75.26507023127726,False
2025-01-27 00:30:00+00:00,AWS-DEMO,20.149229718059352,1006.7434246983562,74.73061502959034,False
2025-01-27 00:40:00+00:00,AWS-DEMO,19.97097837431761,1006.8258531011361,75.89979882122037,False
2025-01-27 00:50:00+00:00,AWS-DEMO,20.602024832019676,1006.697059471718,72.74983672811526,False
2025-01-27 01:00:00+00:00,AWS-DEMO,20.4446413245045,1006.685782109751,72.82062247599634,False
2025-01-27 01:10:00+00:00,AWS-DEMO,20.563108076737745,1006.8522365827889,73.24127162105202,False
2025-01-27 01:20:00+00:00,AWS-DEMO,20.86291603740997,1006.7295629298808,74.35294380367206,False
2025-01-27 01:30:00+00:00,AWS-DEMO,21.272906268794806,1006.7419428539649,72.12987991323953,False
2025-01-27 01:40:00+00:00,AWS-DEMO,21.264083290776306,1006.928018413139,72.41321420151868,False
2025-01-27 01:50:00+00:00,AWS-DEMO,21.416163688091018,1006.9110841260646,71.50862246551856,False
2025-01-27 02:00:00+00:00,AWS-DEMO,21.69604294176596,1006.7614495779908,72.25316549531597,False
2025-01-27 02:10:00+00:00,AWS-DEMO,21.676938937347273,1006.8283835426386,68.84141110553126,False
2025-01-27 02:20:00+00:00,AWS-DEMO,22.26327161429319,1006.8119262060037,70.62558256044899,False
2025-01-27 02:30:00+00:00,AWS-DEMO,22.003832604142932,1007.0616320610093,69.14951916486578,False
2025-01-27 02:40:00+00:00,AWS-DEMO,22.52159413902108,1006.9911521351571,69.7284787017271,False
2025-01-27 02:50:00+00:00,AWS-DEMO,23.009742395014204,1006.8789324666488,67.43693749126759,False
2025-01-27 03:00:00+00:00,AWS-DEMO,23.13329937910373,1006.975216861573,67.73176222531423,False
2025-01-27 03:10:00+00:00,AWS-DEMO,23.420609585235123,1006.8072122966839,67.05561500579965,False
2025-01-27 03:20:00+00:00,AWS-DEMO,23.500283119850657,1006.874006076265,65.60712103313078,False
2025-01-27 03:30:00+00:00,AWS-DEMO,23.995120379940502,1006.9486303742128,64.78233836251263,False
2025-01-27 03:40:00+00:00,AWS-DEMO,24.163308491430076,1006.9839241941099,64.93836940560504,False
2025-01-27 03:50:00+00:00,AWS-DEMO,24.27862808680351,1006.9378753629271,65.10864478209952,False
2025-01-27 04:00:00+00:00,AWS-DEMO,24.603234923062494,1006.9717950571858,63.68669927995116,False
2025-01-27 04:10:00+00:00,AWS-DEMO,24.780656309636043,1006.9587677185195,63.584452707682615,False
2025-01-27 04:20:00+00:00,AWS-DEMO,24.73255945345541,1006.9386691720101,61.50670102244582,False
2025-01-27 04:30:00+00:00,AWS-DEMO,24.744156716086188,1006.9278566077734,62.507904820271676,False
2025-01-27 04:40:00+00:00,AWS-DEMO,25.33937262148568,1006.9167251557136,63.39729346446168,False
2025-01-27 04:50:00+00:00,AWS-DEMO,25.570233851667133,1006.9760202432958,62.584129001454684,False
2025-01-27 05:00:00+00:00,AWS-DEMO,25.88894689485968,1006.9916716223927,61.30833316260596,False
2025-01-27 05:10:00+00:00,AWS-DEMO,25.637381689779613,1006.9716172376008,61.16723246351701,False
2025-01-27 05:20:00+00:00,AWS-DEMO,25.83330906531991,1006.8462920132228,59.63659289091001,False
2025-01-27 05:30:00+00:00,AWS-DEMO,26.31792694666755,1006.8606179187815,61.64442039512701,False
2025-01-27 05:40:00+00:00,AWS-DEMO,26.37945202257298,1006.9841528685164,61.657607037665954,False
2025-01-27 05:50:00+00:00,AWS-DEMO,26.15260819867887,1007.0780349655387,59.34011676529261,False
2025-01-27 06:00:00+00:00,AWS-DEMO,26.81605734276175,1006.956254558869,,True
2025-01-27 06:10:00+00:00,AWS-DEMO,26.485444823360627,1006.9020856308487,57.716020578213644,False
2025-01-27 06:20:00+00:00,AWS-DEMO,26.837560610972286,1006.9555954419297,56.782132762266734,False
2025-01-27 06:30:00+00:00,AWS-DEMO,27.48824253472776,1006.8290554866379,56.97927581873825,False
2025-01-27 06:40:00+00:00,AWS-DEMO,27.730253219291043,1007.0448603111493,57.14446300872312,False
2025-01-27 06:50:00+00:00,AWS-DEMO,27.191543699832273,1006.9392826490052,59.371090321130545,False
2025-01-27 07:00:00+00:00,AWS-DEMO,27.508795418909692,1006.8574463395507,56.49356441131331,False
2025-01-27 07:10:00+00:00,AWS-DEMO,27.704756423159424,1006.8976960384903,55.65196989103273,False
2025-01-27 07:20:00+00:00,AWS-DEMO,28.193006577766933,1006.860113990938,55.37180408380712,False
2025-01-27 07:30:00+00:00,AWS-DEMO,27.789912711738925,1007.0202946340447,57.19114858721967,False
2025-01-27 07:40:00+00:00,AWS-DEMO,27.881913735192185,1006.8786255373607,56.85196686923633,False
2025-01-27 07:50:00+00:00,AWS-DEMO,28.407153004168944,1006.9053070834526,55.195806264797696,False
2025-01-27 08:00:00+00:00,AWS-DEMO,28.054566389758627,1006.9373994364781,53.65556189631528,False
2025-01-27 08:10:00+00:00,AWS-DEMO,28.35735029967092,1006.8135065898375,54.27657309355031,False
2025-01-27 08:20:00+00:00,AWS-DEMO,27.925694956891068,1006.8920214359415,57.02426168307691,False
2025-01-27 08:30:00+00:00,AWS-DEMO,28.255863151764025,1006.8937280918142,55.91393320135156,False
2025-01-27 08:40:00+00:00,AWS-DEMO,27.961889147758754,1006.7236611949078,55.2371298452465,False
2025-01-27 08:50:00+00:00,AWS-DEMO,28.118817883169488,1006.8808571414717,57.01161328817532,False
2025-01-27 09:00:00+00:00,AWS-DEMO,28.550163880912805,1006.8486973284624,57.096872475901826,False
2025-01-27 09:10:00+00:00,AWS-DEMO,28.3595847950742,1006.8593579274416,55.123066057357555,False
2025-01-27 09:20:00+00:00,AWS-DEMO,28.29588608794549,1006.8458843039799,55.18657854894093,False
2025-01-27 09:30:00+00:00,AWS-DEMO,28.187411725312774,1006.8612189165592,54.6918782123693,False
2025-01-27 09:40:00+00:00,AWS-DEMO,28.28020054020148,1006.9536971769077,55.083623887424714,False
2025-01-27 09:50:00+00:00,AWS-DEMO,28.362215963763884,1006.7228768397132,54.0005831490572,False
2025-01-27 10:00:00+00:00,AWS-DEMO,28.470131681123192,1006.7942149984649,54.13938583873642,False
2025-01-27 10:10:00+00:00,AWS-DEMO,27.625062396186767,1006.8812864569425,54.073918914774715,False
2025-01-27 10:20:00+00:00,AWS-DEMO,27.959207472471135,1006.8611873564854,57.07137450392723,False
2025-01-27 10:30:00+00:00,AWS-DEMO,28.107819648679623,1006.8562196289828,54.63941667139562,False
2025-01-27 10:40:00+00:00,AWS-DEMO,27.97286009563573,1007.0600440308801,58.387507319380724,False
2025-01-27 10:50:00+00:00,AWS-DEMO,27.99647373975887,1006.8652463574659,55.9664172525369,False
2025-01-27 11:00:00+00:00,AWS-DEMO,27.87121834235566,1006.9099362739179,58.715455460627474,False
2025-01-27 11:10:00+00:00,AWS-DEMO,27.641618829221006,1006.7791404269275,56.91591610320619,False
2025-01-27 11:20:00+00:00,AWS-DEMO,27.481024161849952,1006.716508007984,56.03865611141762,False
2025-01-27 11:30:00+00:00,AWS-DEMO,27.423300949349787,1006.7771628797404,59.232914729913965,False
2025-01-27 11:40:00+00:00,AWS-DEMO,27.602791783393585,1006.8696163237951,59.71508891547684,False
2025-01-27 11:50:00+00:00,AWS-DEMO,27.054416691638753,1006.8427680559437,57.790390458282516,False
2025-01-27 12:00:00+00:00,AWS-DEMO,27.05993276041744,1006.8436020376423,58.76643776345763,False
2025-01-27 12:10:00+00:00,AWS-DEMO,26.965561747224886,1006.7897325171855,58.611637562152865,False
2025-01-27 12:20:00+00:00,AWS-DEMO,27.113459885696344,1006.7776685471006,59.833175876076275,False
2025-01-27 12:30:00+00:00,AWS-DEMO,26.54285910152911,1006.797997919355,60.51392477233365,False
2025-01-27 12:40:00+00:00,AWS-DEMO,26.652716498944535,1006.8828618900413,60.52239718067367,False
2025-01-27 12:50:00+00:00,AWS-DEMO,26.54010559926017,1006.89740991035,59.537003380339605,False
2025-01-27 13:00:00+00:00,AWS-DEMO,26.077115975553962,1006.7358897543189,61.27067070015015,False
2025-01-27 13:10:00+00:00,AWS-DEMO,25.861987873319308,1006.9004003272689,63.06334961841707,False
2025-01-27 13:20:00+00:00,AWS-DEMO,25.648651678142894,1006.7792015198263,62.6708985038532,False
2025-01-27 13:30:00+00:00,AWS-DEMO,25.473322686308297,1006.8865920351153,63.08304935683934,False
2025-01-27 13:40:00+00:00,AWS-DEMO,25.522337133278985,1006.8343860932151,63.0201479904517,False
2025-01-27 13:50:00+00:00,AWS-DEMO,25.18665206775036,1007.0005134682668,63.890049538507135,False
2025-01-27 14:00:00+00:00,AWS-DEMO,24.98603510497525,1006.8305538770395,66.46594966131627,False
2025-01-27 14:10:00+00:00,AWS-DEMO,24.482576446545462,1006.8935041380654,64.48081685539346,False
2025-01-27 14:20:00+00:00,AWS-DEMO,24.31094651559177,1006.9419318304346,66.91065645886863,False
2025-01-27 14:30:00+00:00,AWS-DEMO,24.787241701006025,1006.8192516618519,66.81071844314937,False
2025-01-27 14:40:00+00:00,AWS-DEMO,24.067080455381998,1006.902578449743,67.58582941817217,False
2025-01-27 14:50:00+00:00,AWS-DEMO,23.725312561679576,1006.8970253981058,67.18847191389644,False
2025-01-27 15:00:00+00:00,AWS-DEMO,23.999619837390767,1006.8873075583638,68.1502376212628,False
2025-01-27 15:10:00+00:00,AWS-DEMO,23.53566167480848,1006.9071529219823,69.07777965737748,False
2025-01-27 15:20:00+00:00,AWS-DEMO,23.39002888454462,1007.060623978238,69.14353579999718,False
2025-01-27 15:30:00+00:00,AWS-DEMO,23.02233524720765,1006.9211169625333,70.5744772603492,False
2025-01-27 15:40:00+00:00,AWS-DEMO,22.77358135801598,1007.0410268235205,71.27639083804453,False
2025-01-27 15:50:00+00:00,AWS-DEMO,22.598888441944784,1007.0340363069178,73.56355966178776,False
2025-01-27 16:00:00+00:00,AWS-DEMO,22.126435477260916,1006.8962644090356,72.23587661428624,False
2025-01-27 16:10:00+00:00,AWS-DEMO,22.208071290589018,1007.085571963393,70.6061571110548,False
2025-01-27 16:20:00+00:00,AWS-DEMO,22.09205721551426,1006.9290547361535,74.23497049609986,False
2025-01-27 16:30:00+00:00,AWS-DEMO,22.23667860135995,1007.1307783017527,73.41344323056101,False
2025-01-27 16:40:00+00:00,AWS-DEMO,21.654664382954188,1007.0471205152364,76.16540030619024,False
2025-01-27 16:50:00+00:00,AWS-DEMO,20.932297011080426,1007.1125598268876,76.1503642776274,False
2025-01-27 17:00:00+00:00,AWS-DEMO,21.23948891897829,1007.0148635373428,74.68896561466264,False
2025-01-27 17:10:00+00:00,AWS-DEMO,21.681851538119997,1007.1623887368357,76.41880286768333,False
2025-01-27 17:20:00+00:00,AWS-DEMO,21.093759225785888,1007.2552888469943,75.59255451083632,False
2025-01-27 17:30:00+00:00,AWS-DEMO,20.554112661482304,1007.1201676401123,76.66484585501773,False
2025-01-27 17:40:00+00:00,AWS-DEMO,20.69759105206879,1007.1595009386502,77.79894076824858,False
2025-01-27 17:50:00+00:00,AWS-DEMO,20.245361316472486,1007.2768107172928,78.68106052963991,False
2025-01-27 18:00:00+00:00,AWS-DEMO,19.958156532463466,1007.3011831211585,78.89185160628095,False
2025-01-27 18:10:00+00:00,AWS-DEMO,20.033380070005446,1007.0614134463262,78.48291090229172,False
2025-01-27 18:20:00+00:00,AWS-DEMO,19.991112853789073,1007.4846727125916,81.28455247830857,False
2025-01-27 18:30:00+00:00,AWS-DEMO,19.427265257973968,1007.3739512989991,78.81052333343891,False
2025-01-27 18:40:00+00:00,AWS-DEMO,19.461958032551312,1007.4124720537801,77.9232778037903,False
2025-01-27 18:50:00+00:00,AWS-DEMO,19.600401926182833,1007.3604443799713,78.45058200003528,False
2025-01-27 19:00:00+00:00,AWS-DEMO,19.39964200055961,1007.2302133327873,81.65334686970013,False
2025-01-27 19:10:00+00:00,AWS-DEMO,19.475787963812124,1007.4819430321392,80.39542522554436,False
2025-01-27 19:20:00+00:00,AWS-DEMO,19.029574085114113,1007.3945366937519,80.90202243593677,False
2025-01-27 19:30:00+00:00,AWS-DEMO,19.370348936238802,1007.5186772796201,80.44898372537013,False
2025-01-27 19:40:00+00:00,AWS-DEMO,18.87800347278314,1007.4744566738251,80.76455415543766,False
2025-01-27 19:50:00+00:00,AWS-DEMO,19.43391832234954,1007.5400742560146,80.63270990635772,False
2025-01-27 20:00:00+00:00,AWS-DEMO,18.638175032591587,1007.4734504749194,82.06994358420428,False
2025-01-27 20:10:00+00:00,AWS-DEMO,18.727565612771368,1007.6455628691804,81.65652021152376,False
2025-01-27 20:20:00+00:00,AWS-DEMO,19.02129985425604,1007.4853704662299,82.31986102291133,False
2025-01-27 20:30:00+00:00,AWS-DEMO,19.266512127715316,1007.8189422622542,82.33087134479224,False
2025-01-27 20:40:00+00:00,AWS-DEMO,18.950013611178342,1007.8427033135902,81.64757324655584,False
2025-01-27 20:50:00+00:00,AWS-DEMO,18.99432807287273,1007.8125791857556,80.67204859982216,False
2025-01-27 21:00:00+00:00,AWS-DEMO,18.87365752885622,1007.8046500198241,80.6175284795654,False
2025-01-27 21:10:00+00:00,AWS-DEMO,18.65281167299028,1007.7063119016955,85.19771053224552,False
2025-01-27 21:20:00+00:00,AWS-DEMO,18.78912549475459,1007.8427899788709,83.63215277614647,False
2025-01-27 21:30:00+00:00,AWS-DEMO,18.65816779114249,1007.7528114385249,83.45232641539276,False
2025-01-27 21:40:00+00:00,AWS-DEMO,18.680759788236898,1007.6450765445983,81.37104726664265,False
2025-01-27 21:50:00+00:00,AWS-DEMO,19.097147506865664,1007.9433389579912,81.96416811305518,False
2025-01-27 22:00:00+00:00,AWS-DEMO,18.81767383581459,1007.9325077838126,81.0239888517843,False
2025-01-27 22:10:00+00:00,AWS-DEMO,19.200315632729414,1007.8506345270152,80.38789278678996,False
2025-01-27 22:20:00+00:00,AWS-DEMO,18.917973478631904,1007.7653828922356,80.94804126171422,False
2025-01-27 22:30:00+00:00,AWS-DEMO,19.352931559431997,1007.8447136889081,82.67638812693241,False
2025-01-27 22:40:00+00:00,AWS-DEMO,22.0,1007.7549943268418,81.98126170941694,True
2025-01-27 22:50:00+00:00,AWS-DEMO,19.790267693429595,1008.0249600748464,79.93812641426668,False
2025-01-27 23:00:00+00:00,AWS-DEMO,19.661422378535875,1007.816167101192,80.33882441072039,False
2025-01-27 23:10:00+00:00,AWS-DEMO,19.97978067915482,1008.006376402748,81.12654282496179,False
2025-01-27 23:20:00+00:00,AWS-DEMO,19.667472272554527,1007.9242392640107,79.50908690896898,False
2025-01-27 23:30:00+00:00,AWS-DEMO,19.97974826856242,1007.8908713332944,79.84172906677283,False
2025-01-27 23:40:00+00:00,AWS-DEMO,19.89287501704368,1008.0593030618282,79.82614604021451,False
2025-01-27 23:50:00+00:00,AWS-DEMO,20.166418436422102,1008.0258406148248,79.45811934457228,False
2025-01-28 00:00:00+00:00,AWS-DEMO,20.355556616498568,1008.1487885487884,78.94565854861567,False
2025-01-28 00:10:00+00:00,AWS-DEMO,20.416166333082135,1007.9761570930888,77.64430929712836,False
2025-01-28 00:20:00+00:00,AWS-DEMO,20.477611835245433,1008.0383789773961,77.33646294187903,False
2025-01-28 00:30:00+00:00,AWS-DEMO,20.609439354112343,1007.9073366337336,76.32695746142271,False
2025-01-28 00:40:00+00:00,AWS-DEMO,20.586962464492505,1007.9406986187307,75.45701104920748,False
2025-01-28 00:50:00+00:00,AWS-DEMO,21.056176463049457,1008.3135587650913,76.4467708189016,False
2025-01-28 01:00:00+00:00,AWS-DEMO,21.61871668730315,1008.3530323188121,76.90727130431092,False
2025-01-28 01:10:00+00:00,AWS-DEMO,21.32597141079702,1008.1869866153983,74.2274561483333,False
2025-01-28 01:20:00+00:00,AWS-DEMO,21.578143548173326,1008.1169667589852,75.38561202336615,False
2025-01-28 01:30:00+00:00,AWS-DEMO,22.478764291621168,1008.1760511302913,75.39130463447484,False
2025-01-28 01:40:00+00:00,AWS-DEMO,22.15414227230875,1008.2926575135895,72.25409025126785,False
2025-01-28 01:50:00+00:00,AWS-DEMO,22.577590132023413,1008.1781845115552,73.29550969022883,False
2025-01-28 02:00:00+00:00,AWS-DEMO,22.86405079757131,1008.2556261728868,74.67970090418979,False
2025-01-28 02:10:00+00:00,AWS-DEMO,23.086873097272274,1008.2421643862021,73.04599657115163,False
2025-01-28 02:20:00+00:00,AWS-DEMO,22.826777804683374,1008.2005053588589,70.07837284039142,False
2025-01-28 02:30:00+00:00,AWS-DEMO,23.333210431949748,1008.2120403098462,72.05720899234642,False
2025-01-28 02:40:00+00:00,AWS-DEMO,23.251767597627385,1008.2928103772406,70.0975017569058,False
2025-01-28 02:50:00+00:00,AWS-DEMO,24.37066671363544,1008.1848229511846,70.98031519120052,False
2025-01-28 03:00:00+00:00,AWS-DEMO,23.706854467423156,1008.3190515694625,69.04117289355749,False
2025-01-28 03:10:00+00:00,AWS-DEMO,24.052588317564357,1008.2409338947266,69.12002404779118,False
2025-01-28 03:20:00+00:00,AWS-DEMO,24.27928759906824,1008.2991527663705,68.07795042236131,False
2025-01-28 03:30:00+00:00,AWS-DEMO,24.403366692694096,1008.4159015168644,68.06280054734623,False
2025-01-28 03:40:00+00:00,AWS-DEMO,25.253506880428752,1008.2792132932934,66.93929986967595,False
2025-01-28 03:50:00+00:00,AWS-DEMO,25.71065951912743,1008.3794994131513,66.73383579264097,False
2025-01-28 04:00:00+00:00,AWS-DEMO,25.292912884098794,1008.1371726775639,65.23748147481365,False
2025-01-28 04:10:00+00:00,AWS-DEMO,25.324608330085365,1008.2572463073427,66.36542915147368,False
2025-01-28 04:20:00+00:00,AWS-DEMO,25.337768074293304,1008.3025927229543,65.51874910309128,False
2025-01-28 04:30:00+00:00,AWS-DEMO,25.98784925943373,1008.4731354949027,63.20366446009423,False
2025-01-28 04:40:00+00:00,AWS-DEMO,26.180096159532518,1008.1230041175421,65.29889611030897,False
2025-01-28 04:50:00+00:00,AWS-DEMO,26.31065399960877,1008.2895509816087,63.625518670048955,False
2025-01-28 05:00:00+00:00,AWS-DEMO,26.70260827214667,1008.4275858405936,63.470415576443656,False
2025-01-28 05:10:00+00:00,AWS-DEMO,26.936167235432293,1008.2235887858553,63.59203464421827,False
2025-01-28 05:20:00+00:00,AWS-DEMO,27.11062946104678,1008.2723445426564,62.687439165823385,False
2025-01-28 05:30:00+00:00,AWS-DEMO,27.154975469547857,1008.3181393244688,63.0699343851475,False
2025-01-28 05:40:00+00:00,AWS-DEMO,27.16144913116809,1008.3012163255447,61.1716601018121,False
2025-01-28 05:50:00+00:00,AWS-DEMO,27.723555619522237,1008.4214250100472,62.07515111836151,False
2025-01-28 06:00:00+00:00,AWS-DEMO,27.746758840308956,1008.3163539815592,60.75577603860168,False
2025-01-28 06:10:00+00:00,AWS-DEMO,28.099740717593683,1008.3905910504182,60.74976867252688,False
2025-01-28 06:20:00+00:00,AWS-DEMO,28.231486031158866,1008.2334299743596,60.2729601276943,False
2025-01-28 06:30:00+00:00,AWS-DEMO,27.891041705799203,1008.1935870061141,60.75589234814625,False
2025-01-28 06:40:00+00:00,AWS-DEMO,28.026988239499893,1008.2340129368856,59.90172866963057,False
2025-01-28 06:50:00+00:00,AWS-DEMO,28.307263166745297,1008.1438190168011,58.42249919166487,False
2025-01-28 07:00:00+00:00,AWS-DEMO,28.36411008043606,1008.2852080240451,57.929892817729055,False
2025-01-28 07:10:00+00:00,AWS-DEMO,28.877470798780053,1008.2002873267035,58.24828107608398,False
2025-01-28 07:20:00+00:00,AWS-DEMO,28.895045870314256,1008.1676781409523,57.286502230523574,False
2025-01-28 07:30:00+00:00,AWS-DEMO,29.15744669965277,1008.2659676071376,56.76516445864904,False
2025-01-28 07:40:00+00:00,AWS-DEMO,29.091975003116104,1008.110957864931,55.48269077885558,False
2025-01-28 07:50:00+00:00,AWS-DEMO,29.130869389036334,1008.2759246736788,55.87790648744077,False
2025-01-28 08:00:00+00:00,AWS-DEMO,29.420083131446717,1008.1561282528702,59.252402798566465,False
2025-01-28 08:10:00+00:00,AWS-DEMO,29.321494037702745,1008.2960372099243,56.47404164924169,False
2025-01-28 08:20:00+00:00,AWS-DEMO,29.285878276142064,1008.1488817040429,58.92153768767624,False
2025-01-28 08:30:00+00:00,AWS-DEMO,29.6399812537362,1008.233608036674,57.33298343048233,False
2025-01-28 08:40:00+00:00,AWS-DEMO,29.37358106109303,1008.1854322157205,56.81621786281685,False
2025-01-28 08:50:00+00:00,AWS-DEMO,29.305768776671623,1008.2288142858705,55.32604649155495,False
2025-01-28 09:00:00+00:00,AWS-DEMO,29.203374426113058,1008.1644344970188,56.81661109224242,False
2025-01-28 09:10:00+00:00,AWS-DEMO,29.54780708271239,1007.9976226629155,58.71407058794442,False
2025-01-28 09:20:00+00:00,AWS-DEMO,29.66121547597115,1008.2310500757459,58.414114298229755,False
2025-01-28 09:30:00+00:00,AWS-DEMO,29.36435588106355,1008.1254662521507,57.189898038067575,False
2025-01-28 09:40:00+00:00,AWS-DEMO,29.64018418805228,1008.1977094313808,55.850661958082924,False
2025-01-28 09:50:00+00:00,AWS-DEMO,28.886590980801504,1008.1822935995718,56.15017624880016,False
2025-01-28 10:00:00+00:00,AWS-DEMO,29.266014871369237,1008.0443427998272,56.386906073542605,False
2025-01-28 10:10:00+00:00,AWS-DEMO,29.218375485325453,1008.0256515374093,58.67371281026863,False
2025-01-28 10:20:00+00:00,AWS-DEMO,29.007110986722385,1008.0256515374093,59.206954846509525,True
2025-01-28 10:30:00+00:00,AWS-DEMO,29.6223517515581,1008.0256515374093,57.97408812724553,True
2025-01-28 10:40:00+00:00,AWS-DEMO,29.00533638575604,1008.0256515374093,57.700983392436555,True
2025-01-28 10:50:00+00:00,AWS-DEMO,28.843499817664437,1008.0256515374093,59.80113003693746,True
2025-01-28 11:00:00+00:00,AWS-DEMO,28.84369749955964,1008.0256515374093,57.54422543478123,True
2025-01-28 11:10:00+00:00,AWS-DEMO,28.29382971926614,1008.0256515374093,58.86651991366624,True
2025-01-28 11:20:00+00:00,AWS-DEMO,28.45562842168579,1008.0256515374093,59.59053169078245,True
2025-01-28 11:30:00+00:00,AWS-DEMO,28.719575975912242,1008.0256515374093,58.598018911811984,True
2025-01-28 11:40:00+00:00,AWS-DEMO,28.237712684770074,1008.09165047543,59.17791810063921,False
2025-01-28 11:50:00+00:00,AWS-DEMO,28.059154272579523,1008.1761639995602,59.472202989704115,False
2025-01-28 12:00:00+00:00,AWS-DEMO,28.387906309519284,1008.0625156757309,61.99317106278086,False
2025-01-28 12:10:00+00:00,AWS-DEMO,28.24613079987221,1008.1143171936301,62.89897527109911,False
2025-01-28 12:20:00+00:00,AWS-DEMO,27.90993278142211,1008.0703439438555,61.52445542965576,False
2025-01-28 12:30:00+00:00,AWS-DEMO,27.534753010395246,1008.0776034671562,61.58258897884085,False
2025-01-28 12:40:00+00:00,AWS-DEMO,27.414962900591085,1008.2222839451022,61.70736876082733,False
2025-01-28 12:50:00+00:00,AWS-DEMO,27.117916121657633,1008.1767024983941,62.77975464837261,False
2025-01-28 13:00:00+00:00,AWS-DEMO,26.89791818286205,1008.0776553709557,62.71209236025161,False
2025-01-28 13:10:00+00:00,AWS-DEMO,26.704044042302762,1008.0923738198395,63.66218208707067,False
2025-01-28 13:20:00+00:00,AWS-DEMO,26.610360300300886,1008.0130782948827,64.6809968305303,False
2025-01-28 13:30:00+00:00,AWS-DEMO,26.327049005695063,1008.0644695017816,64.38169486591671,False
2025-01-28 13:40:00+00:00,AWS-DEMO,26.01524405571564,1008.1122952671574,65.12637380619898,False
2025-01-28 13:50:00+00:00,AWS-DEMO,26.208700159400365,1008.1660438039964,65.66817118062527,False
2025-01-28 14:00:00+00:00,AWS-DEMO,26.010206894879808,1008.1625872743779,66.08141848889687,False
2025-01-28 14:10:00+00:00,AWS-DEMO,26.128323246516782,1008.0016244359351,66.50955067254135,False
2025-01-28 14:20:00+00:00,AWS-DEMO,25.40045776608244,1008.1963186791302,68.27082720061806,False
2025-01-28 14:30:00+00:00,AWS-DEMO,25.40417399606254,1008.1079645227961,66.3000862293858,False
2025-01-28 14:40:00+00:00,AWS-DEMO,25.197973888284636,1008.0353183373337,70.21078872681841,False
2025-01-28 14:50:00+00:00,AWS-DEMO,24.862495637868324,1008.2532418596317,69.34014839783266,False
2025-01-28 15:00:00+00:00,AWS-DEMO,24.870687370750876,1008.2741038119254,70.3840937552569,False
2025-01-28 15:10:00+00:00,AWS-DEMO,24.665924609979083,1008.1762034722212,71.0688793658837,False
2025-01-28 15:20:00+00:00,AWS-DEMO,24.356106058386732,1008.2269243214824,70.20465628037009,False
2025-01-28 15:30:00+00:00,AWS-DEMO,24.017212099466178,1008.2434709054215,70.5653808610146,False
2025-01-28 15:40:00+00:00,AWS-DEMO,23.785262469030847,1008.3118790793867,71.01152931549834,False
2025-01-28 15:50:00+00:00,AWS-DEMO,23.354979685421576,1008.2642258029907,72.35675551464983,False
2025-01-28 16:00:00+00:00,AWS-DEMO,23.272458539845076,1008.0922169206789,73.85795700074017,False
2025-01-28 16:10:00+00:00,AWS-DEMO,23.109106765120103,1008.406157061213,73.12377045326218,False
2025-01-28 16:20:00+00:00,AWS-DEMO,22.797575833856616,1008.3352912123823,74.85705480516049,False
2025-01-28 16:30:00+00:00,AWS-DEMO,22.943642303345314,1008.2081597351673,72.41457577217118,False
2025-01-28 16:40:00+00:00,AWS-DEMO,22.915623807728107,1008.1764963624624,74.92107484231546,False
2025-01-28 16:50:00+00:00,AWS-DEMO,22.261978165237483,1008.3302351676824,76.9877011714902,False
2025-01-28 17:00:00+00:00,AWS-DEMO,22.33774974317424,1008.275873272673,76.15231574440028,False
2025-01-28 17:10:00+00:00,AWS-DEMO,21.866150202111747,1008.3471871213791,75.98471400128729,False
2025-01-28 17:20:00+00:00,AWS-DEMO,21.84981306624966,1008.4014009966174,76.6345012552704,False
2025-01-28 17:30:00+00:00,AWS-DEMO,21.593592449992112,1008.3009363630298,74.72681858107869,False
2025-01-28 17:40:00+00:00,AWS-DEMO,21.712117019478033,1008.2692811497268,77.19166571283208,False
2025-01-28 17:50:00+00:00,AWS-DEMO,21.270595069174814,1008.4226395069836,79.69361364249768,False
2025-01-28 18:00:00+00:00,AWS-DEMO,21.489031744279636,1008.358442634252,78.4701300639178,False
2025-01-28 18:10:00+00:00,AWS-DEMO,21.065559344711506,1008.4384503294469,78.9872142461484,False
2025-01-28 18:20:00+00:00,AWS-DEMO,20.836761394599435,1008.3235540343196,77.50087947855894,False
2025-01-28 18:30:00+00:00,AWS-DEMO,20.571186364094462,1008.4411806398846,78.56397053756328,False
2025-01-28 18:40:00+00:00,AWS-DEMO,20.77730531467434,1008.5478922336392,81.72746975095417,False
2025-01-28 18:50:00+00:00,AWS-DEMO,20.80093292449579,1008.5579690756189,81.47717139137086,False
2025-01-28 19:00:00+00:00,AWS-DEMO,20.554433435178,1008.4525634397619,79.8641266248357,False
2025-01-28 19:10:00+00:00,AWS-DEMO,20.885317377294943,1008.4386166673249,80.81133968511821,False
2025-01-28 19:20:00+00:00,AWS-DEMO,20.614157955493226,1008.5655602829921,81.6712111454375,False
2025-01-28 19:30:00+00:00,AWS-DEMO,20.14732650416965,1008.6351235389353,80.7403605394109,False
2025-01-28 19:40:00+00:00,AWS-DEMO,20.06911469632012,1008.6416647130578,80.14563332202708,False
2025-01-28 19:50:00+00:00,AWS-DEMO,20.17538834893392,1008.5797234118744,82.18063393688003,False
2025-01-28 20:00:00+00:00,AWS-DEMO,19.829680473755218,1008.6732623174432,83.07893625132849,False
2025-01-28 20:10:00+00:00,AWS-DEMO,20.221754894712898,1008.8023027761279,83.2407673972908,False
2025-01-28 20:20:00+00:00,AWS-DEMO,20.005091944536215,1008.7061496331048,83.64255697271103,False
2025-01-28 20:30:00+00:00,AWS-DEMO,19.951657550224155,1008.5612330974976,81.30777289154508,False
2025-01-28 20:40:00+00:00,AWS-DEMO,20.02546056942694,1008.7469390787929,82.98866388925688,False
2025-01-28 20:50:00+00:00,AWS-DEMO,20.241896011311397,1008.9329176187692,82.70703051498423,False
2025-01-28 21:00:00+00:00,AWS-DEMO,19.898507856617464,1008.6532536997012,82.90818284478719,False
2025-01-28 21:10:00+00:00,AWS-DEMO,19.843549586907642,1008.7917697613706,82.77870600484574,False
2025-01-28 21:20:00+00:00,AWS-DEMO,20.217350986438152,1008.7884899290561,82.30029383208769,False
2025-01-28 21:30:00+00:00,AWS-DEMO,20.124780127795244,1008.8370170125953,79.88843109584035,False
2025-01-28 21:40:00+00:00,AWS-DEMO,19.87722268989202,1008.8651318429871,83.98885715202937,False
2025-01-28 21:50:00+00:00,AWS-DEMO,19.994274034103235,1008.969215158763,83.05330059315473,False
2025-01-28 22:00:00+00:00,AWS-DEMO,20.090711924300376,1008.8928968697384,81.11097382888369,False
2025-01-28 22:10:00+00:00,AWS-DEMO,20.19112948636488,1009.0185223592762,82.91626066382084,False
2025-01-28 22:20:00+00:00,AWS-DEMO,19.885978090646752,1008.9109108968557,81.81988879319982,False
2025-01-28 22:30:00+00:00,AWS-DEMO,19.92695190585106,1008.9075217671511,81.64881718733102,False
2025-01-28 22:40:00+00:00,AWS-DEMO,20.16176524454437,1008.895920702993,81.07687873695915,False
2025-01-28 22:50:00+00:00,AWS-DEMO,20.244103378067937,1008.8092777425342,82.13705597485595,False
2025-01-28 23:00:00+00:00,AWS-DEMO,20.422543253451586,1009.0138367694076,80.53292580215208,False
2025-01-28 23:10:00+00:00,AWS-DEMO,20.81994896167822,1009.1895877661312,79.94683574416341,False
2025-01-28 23:20:00+00:00,AWS-DEMO,20.76735532044251,1009.0611694832158,81.86518009661509,False
2025-01-28 23:30:00+00:00,AWS-DEMO,20.979786920242066,1009.0964050706319,80.22374924142629,False
2025-01-28 23:40:00+00:00,AWS-DEMO,20.806906223757657,1009.0115441255123,79.90439582553836,False
2025-01-28 23:50:00+00:00,AWS-DEMO,21.12172175462398,1009.0402773117567,80.37431757754686,False
2025-01-29 00:00:00+00:00,AWS-DEMO,21.50659764561606,1009.1638492824022,78.62565767946782,False
2025-01-29 00:10:00+00:00,AWS-DEMO,21.669213399560405,1009.2683757271633,78.41863700917628,False
2025-01-29 00:20:00+00:00,AWS-DEMO,21.546349619481955,1009.2332526129452,78.76897512255793,False
2025-01-29 00:30:00+00:00,AWS-DEMO,21.914954386727665,1009.1829213882271,76.48207711209247,False
2025-01-29 00:40:00+00:00,AWS-DEMO,22.5426486329101,1009.1240800195393,77.78930593988478,False
2025-01-29 00:50:00+00:00,AWS-DEMO,22.240093256286844,1009.1496013863923,76.34266627650794,False
2025-01-29 01:00:00+00:00,AWS-DEMO,22.28173362219024,1009.0720536317552,77.47032876344605,False
2025-01-29 01:10:00+00:00,AWS-DEMO,22.591132274091034,1009.0179996696659,76.66522034413194,False
2025-01-29 01:20:00+00:00,AWS-DEMO,22.849258271953016,1009.0547028693193,76.02496759806544,False
2025-01-29 01:30:00+00:00,AWS-DEMO,22.999465792573492,1009.1676841124286,73.4844455214158,False
2025-01-29 01:40:00+00:00,AWS-DEMO,23.233314814801727,1009.14331173867,74.45909826752677,False
2025-01-29 01:50:00+00:00,AWS-DEMO,23.13350613953403,1009.0430271481067,72.84742167998996,False
2025-01-29 02:00:00+00:00,AWS-DEMO,23.453107534259676,1009.1768972223832,73.44214127917064,False
2025-01-29 02:10:00+00:00,AWS-DEMO,23.848427454043094,1009.1558684910885,70.61119691175422,False
2025-01-29 02:20:00+00:00,AWS-DEMO,24.063488385558884,1009.0825323569618,70.82731514937134,False
2025-01-29 02:30:00+00:00,AWS-DEMO,24.195616819790505,1009.1576252567502,72.99410710431297,False
2025-01-29 02:40:00+00:00,AWS-DEMO,24.50292199862747,1009.1642010000327,71.60737268234956,False
2025-01-29 02:50:00+00:00,AWS-DEMO,24.777917980270754,1009.1390305918305,70.31514111938195,False
2025-01-29 03:00:00+00:00,AWS-DEMO,25.183324543600314,1009.2786694078162,69.18931886331043,False
2025-01-29 03:10:00+00:00,AWS-DEMO,25.18909991452683,1009.0240545882629,68.44246029895386,False
2025-01-29 03:20:00+00:00,AWS-DEMO,25.521700788081066,1009.0159526560888,69.15614855634286,False
2025-01-29 03:30:00+00:00,AWS-DEMO,25.5370014347624,1009.1936492732337,68.04334400810394,False
2025-01-29 03:40:00+00:00,AWS-DEMO,26.00314028389685,1009.2000133003982,69.36738690897903,False
2025-01-29 03:50:00+00:00,AWS-DEMO,26.17952449610455,1009.2250891863318,67.07358880111614,False
2025-01-29 04:00:00+00:00,AWS-DEMO,26.50497852221886,1009.1369013802296,66.7595971928421,False
2025-01-29 04:10:00+00:00,AWS-DEMO,26.68674050506572,1009.0988589100259,64.7608612716878,False
2025-01-29 04:20:00+00:00,AWS-DEMO,26.871826492810484,1009.1762543532072,65.24415836497315,False
2025-01-29 04:30:00+00:00,AWS-DEMO,26.93002806448899,1009.132004134936,65.24537410309084,False
2025-01-29 04:40:00+00:00,AWS-DEMO,27.211402252616132,1009.3055845510311,64.1681663373792,False
2025-01-29 04:50:00+00:00,AWS-DEMO,27.593401197130373,1009.130475253871,63.53793170638914,False
2025-01-29 05:00:00+00:00,AWS-DEMO,27.41358912890391,1009.1479802873961,63.84409221567544,False
2025-01-29 05:10:00+00:00,AWS-DEMO,27.61174775529226,1009.3681285053797,64.53759656183946,False
2025-01-29 05:20:00+00:00,AWS-DEMO,27.97784170712925,1009.119869004535,62.68623290968409,False
2025-01-29 05:30:00+00:00,AWS-DEMO,28.21184634543928,1009.1790115795894,63.21774615453234,False
2025-01-29 05:40:00+00:00,AWS-DEMO,28.116029533924184,1009.1782105476441,62.242144706155266,False
2025-01-29 05:50:00+00:00,AWS-DEMO,28.451695760226677,1009.176501818824,62.26741621469793,False
2025-01-29 06:00:00+00:00,AWS-DEMO,28.61192048108396,1009.1269335442413,60.152223662979836,False
2025-01-29 06:10:00+00:00,AWS-DEMO,28.303037161016196,1009.1081244725959,60.151047941972514,False
2025-01-29 06:20:00+00:00,AWS-DEMO,28.892936955939664,1009.0891278195602,59.76914287372072,False
2025-01-29 06:30:00+00:00,AWS-DEMO,29.050258392084938,1009.0173224057183,60.150767638433166,False
2025-01-29 06:40:00+00:00,AWS-DEMO,29.18573165478361,1009.0871938237966,60.04879828715052,False
2025-01-29 06:50:00+00:00,AWS-DEMO,29.660881616973747,1009.2289081839498,59.053309033829905,False
2025-01-29 07:00:00+00:00,AWS-DEMO,29.202309983469362,1009.1434490016578,59.497412135456585,False
2025-01-29 07:10:00+00:00,AWS-DEMO,29.400573842152646,1009.0497498982302,57.770985804116684,False
2025-01-29 07:20:00+00:00,AWS-DEMO,29.111107861900685,1009.087111497168,58.95499879020119,False
2025-01-29 07:30:00+00:00,AWS-DEMO,29.675195143991385,1008.919358566685,58.84291863512678,False
2025-01-29 07:40:00+00:00,AWS-DEMO,29.780393964500288,1008.9614723630191,58.28472686508282,False
2025-01-29 07:50:00+00:00,AWS-DEMO,29.8327559220035,1009.0574241336104,57.54456112035874,False
2025-01-29 08:00:00+00:00,AWS-DEMO,30.25709257747633,1009.0930558461977,57.950277076425905,False
2025-01-29 08:10:00+00:00,AWS-DEMO,30.262007274748374,1008.8768488990806,56.193230661291935,False
2025-01-29 08:20:00+00:00,AWS-DEMO,30.139778269346635,1008.8896718722566,57.159869818866234,False
2025-01-29 08:30:00+00:00,AWS-DEMO,30.081716749316506,1009.1164675275594,57.16050774143392,False
2025-01-29 08:40:00+00:00,AWS-DEMO,30.420169383090407,1008.9157659860557,55.45336856656257,False
2025-01-29 08:50:00+00:00,AWS-DEMO,30.21171983576064,1009.0582025560832,57.204886069574044,False
2025-01-29 09:00:00+00:00,AWS-DEMO,30.048175633261785,1008.8997820756159,55.4535178068827,False
2025-01-29 09:10:00+00:00,AWS-DEMO,29.853203159640856,1008.8904819959146,56.27110956281838,False
2025-01-29 09:20:00+00:00,AWS-DEMO,30.12672875513146,1008.8281165713482,56.760129144818656,False
2025-01-29 09:30:00+00:00,AWS-DEMO,30.373357871867952,1008.9278777115652,56.03556642281118,False
2025-01-29 09:40:00+00:00,AWS-DEMO,30.682210456769972,1008.95286425641,56.91928408596134,False
2025-01-29 09:50:00+00:00,AWS-DEMO,30.15953630231491,1008.7253372198591,56.998058430937114,False
2025-01-29 10:00:00+00:00,AWS-DEMO,29.93286326855328,1008.7748232353028,56.23024038014089,False
2025-01-29 10:10:00+00:00,AWS-DEMO,29.786550673213508,1008.8772165116819,57.761225144520616,False
2025-01-29 10:20:00+00:00,AWS-DEMO,30.105526989189833,1008.7718005154344,56.595544165216715,False
2025-01-29 10:30:00+00:00,AWS-DEMO,29.523715261140463,1008.7279653025713,59.837414446454595,False
2025-01-29 10:40:00+00:00,AWS-DEMO,29.951965329593733,1008.8524727322282,57.65261368214151,False
2025-01-29 10:50:00+00:00,AWS-DEMO,29.921030894170634,1008.8505259777272,56.82594365825627,False
2025-01-29 11:00:00+00:00,AWS-DEMO,29.73882518874358,1008.7007286575239,57.27007105574935,False
2025-01-29 11:10:00+00:00,AWS-DEMO,29.487886251707167,1008.7506925825716,59.68069278867956,False
2025-01-29 11:20:00+00:00,AWS-DEMO,29.545735745249893,1008.6136229409282,58.423638289496466,False
2025-01-29 11:30:00+00:00,AWS-DEMO,29.336386647143062,1008.6330415389315,57.789095397722846,False
2025-01-29 11:40:00+00:00,AWS-DEMO,28.997259329021208,1008.7165211226715,60.346407432726174,False
2025-01-29 11:50:00+00:00,AWS-DEMO,29.437793695134975,1008.7003648204202,59.43605926982747,False
2025-01-29 12:00:00+00:00,AWS-DEMO,28.80844909665996,1008.603209087853,60.88239438946182,False
2025-01-29 12:10:00+00:00,AWS-DEMO,28.904741468689522,1008.6189939850426,61.55955094113643,False
2025-01-29 12:20:00+00:00,AWS-DEMO,28.043675707262157,1008.5813104634096,61.31035808577809,False
2025-01-29 12:30:00+00:00,AWS-DEMO,28.69203490753154,1008.7123958242744,63.85981012042647,False
2025-01-29 12:40:00+00:00,AWS-DEMO,28.563845318486752,1008.4891849758899,60.182435107012175,False
2025-01-29 12:50:00+00:00,AWS-DEMO,28.07118340587576,1008.5706304829544,61.546908031554025,False
2025-01-29 13:00:00+00:00,AWS-DEMO,28.006190762491798,1008.4899860966441,62.580105597608586,False
2025-01-29 13:10:00+00:00,AWS-DEMO,27.819865865839745,1008.6919289845731,65.58102908612267,False
2025-01-29 13:20:00+00:00,AWS-DEMO,27.364762792980198,1008.4891335095017,65.61332177009226,False
2025-01-29 13:30:00+00:00,AWS-DEMO,27.43154563206206,1008.6520006499769,65.61017666737402,False
2025-01-29 13:40:00+00:00,AWS-DEMO,26.934481991497332,1008.7950765246826,64.04324955995784,False
2025-01-29 13:50:00+00:00,AWS-DEMO,26.776239272123533,1008.7971161174495,64.68446744736049,False
2025-01-29 14:00:00+00:00,AWS-DEMO,26.952852670016338,1008.4835796794657,65.06573485523595,False
2025-01-29 14:10:00+00:00,AWS-DEMO,26.711480389187262,1008.6731911211516,65.6498529359483,False
2025-01-29 14:20:00+00:00,AWS-DEMO,26.13155653880152,1008.5581690547482,68.47059695572683,False
2025-01-29 14:30:00+00:00,AWS-DEMO,25.913654716782233,1008.541255216956,67.28330983674999,False
2025-01-29 14:40:00+00:00,AWS-DEMO,25.71968091871734,1008.6405031174626,67.96827113636934,False
2025-01-29 14:50:00+00:00,AWS-DEMO,25.808563842973513,1008.7639534625296,69.40928497198264,False
2025-01-29 15:00:00+00:00,AWS-DEMO,25.21247161739159,1008.7106779645488,67.5278596638349,False
2025-01-29 15:10:00+00:00,AWS-DEMO,25.295859255075644,1008.5962513741005,69.80080476650691,False
2025-01-29 15:20:00+00:00,AWS-DEMO,25.166847228710157,1008.7285696774329,69.20726097834873,False
2025-01-29 15:30:00+00:00,AWS-DEMO,24.768944288666113,1008.4682745548035,70.56381597173713,False
2025-01-29 15:40:00+00:00,AWS-DEMO,24.797461896190942,1008.6081147458384,70.8229581979505,False
2025-01-29 15:50:00+00:00,AWS-DEMO,24.296672713305504,1008.6079706245447,71.31852681850543,False
2025-01-29 16:00:00+00:00,AWS-DEMO,24.10683760894203,1008.6959685390544,72.72413707901816,False
2025-01-29 16:10:00+00:00,AWS-DEMO,23.731453072098667,1008.6780090249632,73.25568330458758,False
2025-01-29 16:20:00+00:00,AWS-DEMO,23.965484428392543,1008.6914061682169,73.34339027997123,False
2025-01-29 16:30:00+00:00,AWS-DEMO,23.371420911253058,1008.6968050028574,74.45443544070389,False
2025-01-29 16:40:00+00:00,AWS-DEMO,23.418836150797805,1008.7234377131382,73.72646443616699,False
2025-01-29 16:50:00+00:00,AWS-DEMO,23.131891128607815,1008.77940715394,75.77778615654928,False
2025-01-29 17:00:00+00:00,AWS-DEMO,22.72590108514463,1008.7540743591356,75.37994107152683,False
2025-01-29 17:10:00+00:00,AWS-DEMO,22.638048628751125,1008.7253279140792,75.58028103837188,False
2025-01-29 17:20:00+00:00,AWS-DEMO,22.895784494598278,1008.7977877239802,75.7339241578108,False
2025-01-29 17:30:00+00:00,AWS-DEMO,22.460730408123425,1008.8470971700458,76.7380516307248,False
2025-01-29 17:40:00+00:00,AWS-DEMO,22.024816057085943,1008.7342024859947,79.28600256718624,False
2025-01-29 17:50:00+00:00,AWS-DEMO,22.150442529648075,1008.7907578322349,77.77226033093878,False
2025-01-29 18:00:00+00:00,AWS-DEMO,21.893860297492235,1008.9128720568369,77.09485615195487,False
2025-01-29 18:10:00+00:00,AWS-DEMO,22.535228644700734,1008.7215614192228,79.5444486786325,False
2025-01-29 18:20:00+00:00,AWS-DEMO,21.694288154899127,1008.9960307330889,78.52199779756856,False
2025-01-29 18:30:00+00:00,AWS-DEMO,21.411213610157407,1008.7261440626461,79.62718518152565,False
2025-01-29 18:40:00+00:00,AWS-DEMO,21.678179642908358,1008.8288824799631,79.067781158371,False
2025-01-29 18:50:00+00:00,AWS-DEMO,20.839250580777584,1008.7879557404879,81.26409536053288,False
2025-01-29 19:00:00+00:00,AWS-DEMO,21.15145228800144,1009.0840770383766,79.68169483343884,False
2025-01-29 19:10:00+00:00,AWS-DEMO,21.46403824948403,1008.8557086234057,81.9381240872163,False
2025-01-29 19:20:00+00:00,AWS-DEMO,20.902606052195676,1008.8699088292523,79.73696322662596,False
2025-01-29 19:30:00+00:00,AWS-DEMO,20.458282396186917,1008.8956912536732,80.71692998610234,False
2025-01-29 19:40:00+00:00,AWS-DEMO,20.672650946536475,1008.9518082312845,82.6106506496119,False
2025-01-29 19:50:00+00:00,AWS-DEMO,21.008752771437024,1008.9278320963682,81.55644783867209,False
2025-01-29 20:00:00+00:00,AWS-DEMO,20.70950080600646,1008.9596336008311,83.81379691802289,False
2025-01-29 20:10:00+00:00,AWS-DEMO,20.389346592512844,1008.6681507784887,81.40336957102497,False
2025-01-29 20:20:00+00:00,AWS-DEMO,20.379498241773437,1009.0050659913688,82.0355819881542,False
2025-01-29 20:30:00+00:00,AWS-DEMO,20.3727885067175,1009.015592767979,83.7653418193968,False
2025-01-29 20:40:00+00:00,AWS-DEMO,20.550440301703254,1009.1214275788733,80.40336753383238,False
2025-01-29 20:50:00+00:00,AWS-DEMO,20.74986859527245,1009.1596068588782,80.31195081531563,False
2025-01-29 21:00:00+00:00,AWS-DEMO,20.68095482685906,1009.0385726901736,81.16182863084964,False
2025-01-29 21:10:00+00:00,AWS-DEMO,20.5531834764253,1009.1424136321958,82.75353231333811,False
2025-01-29 21:20:00+00:00,AWS-DEMO,20.172817655954212,1008.9830817531488,80.28832620967192,False
2025-01-29 21:30:00+00:00,AWS-DEMO,20.196011582360903,1009.1643091095585,82.42849435677775,False
2025-01-29 21:40:00+00:00,AWS-DEMO,20.637268719795884,1009.0564787344344,82.26677220791272,False
2025-01-29 21:50:00+00:00,AWS-DEMO,20.26510826818416,1009.0138328503136,83.63857722303938,False
2025-01-29 22:00:00+00:00,AWS-DEMO,20.561932796474302,1009.1158809043221,82.52949011850293,False
2025-01-29 22:10:00+00:00,AWS-DEMO,20.738110426549273,1009.2704027866974,81.68381195875405,False
2025-01-29 22:20:00+00:00,AWS-DEMO,20.48965018561,1009.1720497680487,82.49087678369696,False
2025-01-29 22:30:00+00:00,AWS-DEMO,20.59226267317527,1009.3014399638479,81.45918791916841,False
2025-01-29 22:40:00+00:00,AWS-DEMO,20.88338438476614,1009.1099404186584,80.22568895549895,False
2025-01-29 22:50:00+00:00,AWS-DEMO,21.11003411154316,1009.281753405006,79.28398384834667,False
2025-01-29 23:00:00+00:00,AWS-DEMO,21.3363763617625,1009.1384002636563,79.5798738809106,False
2025-01-29 23:10:00+00:00,AWS-DEMO,21.348281893984783,1009.226527648757,79.80814047205737,False
2025-01-29 23:20:00+00:00,AWS-DEMO,21.350888964665163,1009.2343874398634,79.70107951158367,False
2025-01-29 23:30:00+00:00,AWS-DEMO,21.298316840109475,1009.2825225443436,77.04817115579273,False
2025-01-29 23:40:00+00:00,AWS-DEMO,21.362275452506726,1009.2531024365953,78.60119692380195,False
2025-01-29 23:50:00+00:00,AWS-DEMO,21.628222275928636,1009.1709836275742,78.46747814735828,False
2025-01-30 00:00:00+00:00,AWS-DEMO,21.98061700371642,1009.3231220571374,78.58602183801686,False
2025-01-30 00:10:00+00:00,AWS-DEMO,22.12109724964264,1009.4055212756961,79.24705766179811,False
2025-01-30 00:20:00+00:00,AWS-DEMO,21.748167603620903,1009.2022860634984,77.37063633948262,False
2025-01-30 00:30:00+00:00,AWS-DEMO,22.20659204229577,1009.0941780928357,75.8239011883597,False
2025-01-30 00:40:00+00:00,AWS-DEMO,22.81959648785896,1009.308159872303,74.44845357885141,False
2025-01-30 00:50:00+00:00,AWS-DEMO,22.752733575985413,1009.2366267832103,76.47206207746773,False
2025-01-30 01:00:00+00:00,AWS-DEMO,22.609461448909435,1009.2571748691504,74.420820378443,False
2025-01-30 01:10:00+00:00,AWS-DEMO,23.630225067959294,1009.3208910468677,75.64885488673377,False
2025-01-30 01:20:00+00:00,AWS-DEMO,23.30080094140185,1009.230932292394,75.65974102543335,False
2025-01-30 01:30:00+00:00,AWS-DEMO,23.591058288011588,1009.2482881847621,72.1877034622839,False
2025-01-30 01:40:00+00:00,AWS-DEMO,23.79747230638711,1009.2632503332128,73.74526466303556,False
2025-01-30 01:50:00+00:00,AWS-DEMO,23.83512844176873,1009.4036096849695,73.93472570297119,False
2025-01-30 02:00:00+00:00,AWS-DEMO,23.965315108587692,1009.2724001436561,73.10402866711534,False
2025-01-30 02:10:00+00:00,AWS-DEMO,24.80409402941571,1009.1561346723995,69.42468318436502,False
2025-01-30 02:20:00+00:00,AWS-DEMO,24.772135484433466,1009.1566563400232,70.09771631191876,False
2025-01-30 02:30:00+00:00,AWS-DEMO,24.94811541213168,1009.2730454940948,69.09678213554243,False
2025-01-30 02:40:00+00:00,AWS-DEMO,25.11127678178129,1009.1543868322447,70.32238318103093,False
2025-01-30 02:50:00+00:00,AWS-DEMO,24.981900058947236,1009.1102428720129,69.63161011603329,False
2025-01-30 03:00:00+00:00,AWS-DEMO,25.70234210070558,1009.3021619289655,65.93826653707461,False
2025-01-30 03:10:00+00:00,AWS-DEMO,25.454555697232063,1009.2999863592463,67.75278288871245,False
2025-01-30 03:20:00+00:00,AWS-DEMO,25.920815988423435,1009.1979782164464,68.27245161387744,False
2025-01-30 03:30:00+00:00,AWS-DEMO,25.71554897614758,1009.249588136784,67.03956486662673,False
2025-01-30 03:40:00+00:00,AWS-DEMO,25.8438081029105,1009.2314666574264,66.4605279264537,False
2025-01-30 03:50:00+00:00,AWS-DEMO,26.577852525146405,1009.259469488385,65.37582424814066,False
2025-01-30 04:00:00+00:00,AWS-DEMO,26.54289871778375,1009.249746081541,64.11338097441295,False
2025-01-30 04:10:00+00:00,AWS-DEMO,26.49399170558072,1008.9502281155536,64.59276985963935,False
2025-01-30 04:20:00+00:00,AWS-DEMO,27.258486262502064,1009.1519122995437,64.10646389998662,False
2025-01-30 04:30:00+00:00,AWS-DEMO,27.81075399118248,1009.2083693882925,64.12223843501748,False
2025-01-30 04:40:00+00:00,AWS-DEMO,27.851274788646798,1009.112426554005,63.665178247327354,False
2025-01-30 04:50:00+00:00,AWS-DEMO,27.68626566812537,1009.1396615354853,62.52630994667014,False
2025-01-30 05:00:00+00:00,AWS-DEMO,27.937819319907664,1009.190446156524,63.01817846535887,False
2025-01-30 05:10:00+00:00,AWS-DEMO,28.31949320549416,1009.116109668866,61.04317280995905,False
2025-01-30 05:20:00+00:00,AWS-DEMO,28.55435907512511,1009.2299658737344,59.48183757133236,False
2025-01-30 05:30:00+00:00,AWS-DEMO,28.40982612902865,1009.1806131159349,60.92452451534831,False
2025-01-30 05:40:00+00:00,AWS-DEMO,28.66511772001869,1009.0529711765317,60.110183451153375,False
2025-01-30 05:50:00+00:00,AWS-DEMO,28.889882457847847,1009.0298244530005,60.03264498762376,False
2025-01-30 06:00:00+00:00,AWS-DEMO,29.10538633719717,1008.7746986255914,57.83957065367648,False
2025-01-30 06:10:00+00:00,AWS-DEMO,29.10737671519546,1008.985018512438,60.48031669334642,False
2025-01-30 06:20:00+00:00,AWS-DEMO,29.256396897813204,1008.8754070393429,59.0034699940769,False
2025-01-30 06:30:00+00:00,AWS-DEMO,29.72530468982603,1008.9995565674955,57.62709007760702,False
2025-01-30 06:40:00+00:00,AWS-DEMO,29.819261244528622,1008.9755221969391,56.62111402490792,False
2025-01-30 06:50:00+00:00,AWS-DEMO,29.781870908862032,1009.0062086871766,58.29521305146389,False
2025-01-30 07:00:00+00:00,AWS-DEMO,30.170731532290297,1009.0508269070718,55.79840786374879,False
2025-01-30 07:10:00+00:00,AWS-DEMO,29.814988903626013,1008.9040618569624,58.864859922989936,False
2025-01-30 07:20:00+00:00,AWS-DEMO,30.356128020707608,1009.0927457333028,55.71534052578054,False
2025-01-30 07:30:00+00:00,AWS-DEMO,30.208892530063455,1008.8893219800535,57.796325970116676,False
2025-01-30 07:40:00+00:00,AWS-DEMO,30.890855760591514,1008.7312144709654,55.66129679380476,False
2025-01-30 07:50:00+00:00,AWS-DEMO,29.981644349059568,1008.7791483978979,57.21954800459806,False
2025-01-30 08:00:00+00:00,AWS-DEMO,30.15602505557643,1008.7766858909234,54.720406735409036,False
2025-01-30 08:10:00+00:00,AWS-DEMO,30.45431544962206,1008.8439491711079,55.31434641986269,False
2025-01-30 08:20:00+00:00,AWS-DEMO,30.494774043836987,1008.6857854363454,55.96452732942845,False
2025-01-30 08:30:00+00:00,AWS-DEMO,30.87223252190932,1008.7245850296435,55.710382724566976,False
2025-01-30 08:40:00+00:00,AWS-DEMO,30.322526532138237,1008.7172880131653,56.06203484784257,False
2025-01-30 08:50:00+00:00,AWS-DEMO,30.685514459958974,1008.6718724033942,54.4113417633623,False
2025-01-30 09:00:00+00:00,AWS-DEMO,30.749500883558017,1008.765724007008,54.94582329199909,False
2025-01-30 09:10:00+00:00,AWS-DEMO,30.646556290344563,1008.731009238947,56.096304427497245,False
2025-01-30 09:20:00+00:00,AWS-DEMO,30.26834043609125,1008.7590037589489,54.15425378802979,False
2025-01-30 09:30:00+00:00,AWS-DEMO,30.768164673977687,1008.6050996085912,55.46828182454679,False
2025-01-30 09:40:00+00:00,AWS-DEMO,30.698118761441993,1008.7241829371186,54.7373485817352,False
2025-01-30 09:50:00+00:00,AWS-DEMO,30.51935403371937,1008.4744709616659,55.2475393328856,False
2025-01-30 10:00:00+00:00,AWS-DEMO,30.382823792559225,1008.4537897769333,55.235565452783476,False
2025-01-30 10:10:00+00:00,AWS-DEMO,30.32876944527631,1008.4512805262324,54.496034827235164,False
2025-01-30 10:20:00+00:00,AWS-DEMO,30.1937090983686,1008.5434203410783,55.180593712467235,False
2025-01-30 10:30:00+00:00,AWS-DEMO,30.274983645541973,1008.63318924502,55.76652259474098,False
2025-01-30 10:40:00+00:00,AWS-DEMO,30.054960041100063,1008.4535060096555,55.72212812550326,False
2025-01-30 10:50:00+00:00,AWS-DEMO,29.76681554956373,1008.447883248253,57.62338825322554,False
2025-01-30 11:00:00+00:00,AWS-DEMO,29.619640996386195,1008.4548170232027,57.30848351370027,False
2025-01-30 11:10:00+00:00,AWS-DEMO,29.573377161948677,1008.5096943219619,56.857954564001204,False
2025-01-30 11:20:00+00:00,AWS-DEMO,29.668052319750288,1008.3994640204047,56.09529829399277,False
2025-01-30 11:30:00+00:00,AWS-DEMO,29.48570080547423,1008.3792029288604,56.345329852898004,False
2025-01-30 11:40:00+00:00,AWS-DEMO,29.403785018983207,1008.2913540535553,59.47388528296157,False
2025-01-30 11:50:00+00:00,AWS-DEMO,29.323952192105587,1008.3467013108798,56.84005994177262,False
2025-01-30 12:00:00+00:00,AWS-DEMO,28.925981480314213,1008.4903491578798,58.33212642332805,False
2025-01-30 12:10:00+00:00,AWS-DEMO,29.22979374093784,1008.379303494521,58.965252523715456,False
2025-01-30 12:20:00+00:00,AWS-DEMO,28.685241953621325,1008.2918122584456,58.695964227785446,False
2025-01-30 12:30:00+00:00,AWS-DEMO,28.479315850215457,1008.4574817869145,58.42421441202683,False
2025-01-30 12:40:00+00:00,AWS-DEMO,28.505387885863822,1008.2819530090763,59.07596642218604,False
2025-01-30 12:50:00+00:00,AWS-DEMO,27.81421676609643,1008.4513872801266,59.76325667251674,False
2025-01-30 13:00:00+00:00,AWS-DEMO,27.85805240178861,1008.4394713783965,60.06273271163423,False
2025-01-30 13:10:00+00:00,AWS-DEMO,28.056613700133678,1008.3083392584709,62.575060848793846,False
2025-01-30 13:20:00+00:00,AWS-DEMO,27.26280044551846,1008.1591845689823,61.725041837386506,False
2025-01-30 13:30:00+00:00,AWS-DEMO,27.690972809103272,1008.491476389213,61.70794577865667,False
2025-01-30 13:40:00+00:00,AWS-DEMO,27.573825021792885,1008.3122608834374,62.846054291377285,False
2025-01-30 13:50:00+00:00,AWS-DEMO,26.952943392809665,1008.2408629646895,63.92317182492968,False
2025-01-30 14:00:00+00:00,AWS-DEMO,26.888242332728037,1008.3492965227381,63.434469420764586,False
2025-01-30 14:10:00+00:00,AWS-DEMO,26.857430975060907,1008.3203120685282,65.21166557616223,False
2025-01-30 14:20:00+00:00,AWS-DEMO,26.29349673719432,1008.369577543177,63.574810165449186,False
2025-01-30 14:30:00+00:00,AWS-DEMO,26.370235858889217,1008.1870981369708,66.55815542780437,False
2025-01-30 14:40:00+00:00,AWS-DEMO,25.81339323994943,1008.2711148028775,65.92235234564559,False
2025-01-30 14:50:00+00:00,AWS-DEMO,25.636692174257206,1008.1320901206171,66.4302322649128,False
2025-01-30 15:00:00+00:00,AWS-DEMO,25.34604130589701,1008.295774089638,66.33358148302487,False
2025-01-30 15:10:00+00:00,AWS-DEMO,25.377235333700472,1008.2313383408738,66.34742960446029,False
2025-01-30 15:20:00+00:00,AWS-DEMO,25.336806028409637,1008.256900896783,66.4565452532457,False
2025-01-30 15:30:00+00:00,AWS-DEMO,24.822404911345718,1008.217244544602,67.90655365876549,False
2025-01-30 15:40:00+00:00,AWS-DEMO,24.36516234630074,1008.2072231949177,69.80021795007282,False
2025-01-30 15:50:00+00:00,AWS-DEMO,24.190050902557722,1008.1516474695245,68.79051301716851,False
2025-01-30 16:00:00+00:00,AWS-DEMO,24.300357822015027,1008.3014715300814,68.73756081939523,False
2025-01-30 16:10:00+00:00,AWS-DEMO,24.406846215058376,1008.365506540107,69.90508018657447,False
2025-01-30 16:20:00+00:00,AWS-DEMO,23.878050240406573,1008.1829754761461,70.95032719668609,False
2025-01-30 16:30:00+00:00,AWS-DEMO,23.499694295800545,1008.2850639665618,71.50252593875578,False
2025-01-30 16:40:00+00:00,AWS-DEMO,23.550232697711845,1008.2768228652349,72.22284110051842,False
2025-01-30 16:50:00+00:00,AWS-DEMO,23.12970564925712,1008.2418305287662,73.87789336178032,False
2025-01-30 17:00:00+00:00,AWS-DEMO,22.904133290228387,1008.1073599008271,74.57696586280346,False
2025-01-30 17:10:00+00:00,AWS-DEMO,22.586060288033448,1008.1317190126084,75.80351612271141,False
2025-01-30 17:20:00+00:00,AWS-DEMO,22.921308025959142,1008.1831212469563,72.63047561378521,False
2025-01-30 17:30:00+00:00,AWS-DEMO,21.87266292477272,1008.0658628623013,73.84290950850104,False
2025-01-30 17:40:00+00:00,AWS-DEMO,22.432306963034314,1008.3904549007158,75.82589078712944,False
2025-01-30 17:50:00+00:00,AWS-DEMO,21.98622088196985,1008.3025570043749,75.08633696436625,False
2025-01-30 18:00:00+00:00,AWS-DEMO,21.835730423523678,1008.2728483028067,76.79764594332043,False
2025-01-30 18:10:00+00:00,AWS-DEMO,22.14267330869899,1008.0848302047831,76.5232026503581,False
2025-01-30 18:20:00+00:00,AWS-DEMO,21.46450326273359,1008.1245105896912,78.25650415914123,False
2025-01-30 18:30:00+00:00,AWS-DEMO,21.33041294474783,1008.2954314082107,78.0624845650732,False
2025-01-30 18:40:00+00:00,AWS-DEMO,21.317190090217277,1008.4802191577215,78.4038237836918,False
2025-01-30 18:50:00+00:00,AWS-DEMO,21.31045499156655,1008.2474533655792,77.23389383852975,False
2025-01-30 19:00:00+00:00,AWS-DEMO,21.00365090247385,1008.3957259063955,77.83057004427785,False
2025-01-30 19:10:00+00:00,AWS-DEMO,20.644200330225615,1008.2826147374047,77.88377695279635,False
2025-01-30 19:20:00+00:00,AWS-DEMO,20.697930420856547,1008.3387407662427,76.92233923514135,False
2025-01-30 19:30:00+00:00,AWS-DEMO,21.07674594707628,1008.4511674188162,80.11691188402217,False
2025-01-30 19:40:00+00:00,AWS-DEMO,20.726478463675313,1008.318871898663,79.58470269900043,False
2025-01-30 19:50:00+00:00,AWS-DEMO,20.73330464367692,1008.296116258922,78.66531702287998,False
2025-01-30 20:00:00+00:00,AWS-DEMO,20.509592721085,1008.4940979677001,80.46245991513396,False
2025-01-30 20:10:00+00:00,AWS-DEMO,20.364179990579917,1008.3788166661628,78.65120074870768,False
2025-01-30 20:20:00+00:00,AWS-DEMO,20.829727659724604,1008.4811397983678,77.54304118327649,False
2025-01-30 20:30:00+00:00,AWS-DEMO,20.379968889138325,1008.3294149537884,80.46383330667929,False
2025-01-30 20:40:00+00:00,AWS-DEMO,20.293923487240807,1008.525756337069,78.22869251196637,False
2025-01-30 20:50:00+00:00,AWS-DEMO,20.612146291234243,1008.4317339679801,79.33763501191082,False
2025-01-30 21:00:00+00:00,AWS-DEMO,20.20107542621379,1008.4540452282333,79.74097390582833,False
2025-01-30 21:10:00+00:00,AWS-DEMO,20.227639240291616,1008.4343944212671,79.89700039257798,False
2025-01-30 21:20:00+00:00,AWS-DEMO,20.368699970030423,1008.384486998978,80.31187232349687,False
2025-01-30 21:30:00+00:00,AWS-DEMO,20.38393242631787,1008.4370310158905,79.97156627735613,False
2025-01-30 21:40:00+00:00,AWS-DEMO,20.467836562370664,1008.4042954386393,79.84326063530938,False
2025-01-30 21:50:00+00:00,AWS-DEMO,20.907102990235945,1008.537150209294,78.38082835567167,False
2025-01-30 22:00:00+00:00,AWS-DEMO,20.5664138099223,1008.4388683590969,79.31979009773062,False
2025-01-30 22:10:00+00:00,AWS-DEMO,20.023967684777755,1008.3284742880934,77.34995908281768,False
2025-01-30 22:20:00+00:00,AWS-DEMO,20.682712349820154,1008.317666870306,80.2238927834897,False
2025-01-30 22:30:00+00:00,AWS-DEMO,20.69200622460937,1008.3186793443291,77.04205235117514,False
2025-01-30 22:40:00+00:00,AWS-DEMO,20.774791932717413,1008.534560170162,77.85803251778101,False
2025-01-30 22:50:00+00:00,AWS-DEMO,20.909554297819636,1008.3797327633284,76.62286720336691,False
2025-01-30 23:00:00+00:00,AWS-DEMO,20.94782416310486,1008.5143451881988,76.92672193815905,False
2025-01-30 23:10:00+00:00,AWS-DEMO,21.04952643995204,1008.5031207142796,77.36384700506274,False
2025-01-30 23:20:00+00:00,AWS-DEMO,21.311008620928515,1008.4879981046257,76.49412146350133,False
2025-01-30 23:30:00+00:00,AWS-DEMO,21.179763436961583,1008.5357525511474,77.81910451630692,False
2025-01-30 23:40:00+00:00,AWS-DEMO,21.221016511635348,1008.5124798758163,76.53388178841729,False
2025-01-30 23:50:00+00:00,AWS-DEMO,22.232574613626653,1008.2557375302615,75.45700125652465,False
2025-01-31 00:00:00+00:00,AWS-DEMO,21.554769013547176,1008.4712946691807,75.38076737252445,False
2025-01-31 00:10:00+00:00,AWS-DEMO,21.886001156412867,1008.5388989868413,76.31073177536791,False
2025-01-31 00:20:00+00:00,AWS-DEMO,21.693137975058708,1008.6478799657468,75.55959730388851,False
2025-01-31 00:30:00+00:00,AWS-DEMO,22.212213155830792,1008.6510326609881,73.05546543084164,False
2025-01-31 00:40:00+00:00,AWS-DEMO,22.15156078043414,1008.374934280835,73.04174183523097,False
2025-01-31 00:50:00+00:00,AWS-DEMO,22.43534889982297,1008.4638666728036,73.71084965005647,False
2025-01-31 01:00:00+00:00,AWS-DEMO,22.943630187045823,1008.3514630632009,73.08949107353459,False
2025-01-31 01:10:00+00:00,AWS-DEMO,23.003429809702364,1008.6256125676235,71.17312118043462,False
2025-01-31 01:20:00+00:00,AWS-DEMO,23.214997251750052,1008.5757195043008,72.44826047383692,False
2025-01-31 01:30:00+00:00,AWS-DEMO,22.894759629175045,1008.5111780873814,70.27310554446727,False
2025-01-31 01:40:00+00:00,AWS-DEMO,23.886759736760904,1008.4889540592011,71.92284913417892,False
2025-01-31 01:50:00+00:00,AWS-DEMO,23.422002891886248,1008.591955940609,70.59471196608027,False
2025-01-31 02:00:00+00:00,AWS-DEMO,24.22503887823954,1008.5697222258087,68.37179423659047,False
2025-01-31 02:10:00+00:00,AWS-DEMO,24.32060177000487,1008.5572391791678,68.40634576459347,False
2025-01-31 02:20:00+00:00,AWS-DEMO,24.43214806482808,1008.4857363756323,67.81495886022594,False
2025-01-31 02:30:00+00:00,AWS-DEMO,24.328071115356146,1008.4041332276191,67.94264262905233,False
2025-01-31 02:40:00+00:00,AWS-DEMO,24.76190123793749,1008.4948441390883,66.99654991774109,False
2025-01-31 02:50:00+00:00,AWS-DEMO,24.838271275916377,1008.4887996017816,65.4702851658557,False
2025-01-31 03:00:00+00:00,AWS-DEMO,25.162110183549753,1008.387069692344,64.63532522268427,False
2025-01-31 03:10:00+00:00,AWS-DEMO,25.31470716407404,1008.3608099664691,65.9920604314503,False
2025-01-31 03:20:00+00:00,AWS-DEMO,25.134837275027124,1008.481946940032,65.14344922824843,False
2025-01-31 03:30:00+00:00,AWS-DEMO,26.043056944270855,1008.5165848727768,64.37872645856113,False
2025-01-31 03:40:00+00:00,AWS-DEMO,25.990220713438315,1008.2855832205533,63.96277388155307,False
2025-01-31 03:50:00+00:00,AWS-DEMO,26.11166386508853,1008.3148987324128,62.495922426301675,False
2025-01-31 04:00:00+00:00,AWS-DEMO,26.303351117069745,1008.355131584845,62.726642257516765,False
2025-01-31 04:10:00+00:00,AWS-DEMO,26.711430205912126,1008.3516706346687,64.51502538687691,False
2025-01-31 04:20:00+00:00,AWS-DEMO,26.63913131013263,1008.2445910989236,62.59205975620372,False
2025-01-31 04:30:00+00:00,AWS-DEMO,26.53965527675108,1008.4442616923089,60.57818767696209,False
2025-01-31 04:40:00+00:00,AWS-DEMO,27.321857163986802,1008.2953038527912,59.80147087639012,False
2025-01-31 04:50:00+00:00,AWS-DEMO,27.539062098936153,1008.2871572110221,56.932787659427674,False
2025-01-31 05:00:00+00:00,AWS-DEMO,27.56921242326132,1008.3791149915231,60.34141923343531,False
2025-01-31 05:10:00+00:00,AWS-DEMO,27.544199090320554,1008.1613671798684,59.55089656123971,False
2025-01-31 05:20:00+00:00,AWS-DEMO,27.99488614197056,1008.174295967327,57.72502902708215,False
2025-01-31 05:30:00+00:00,AWS-DEMO,27.826333604172856,1008.0494538803559,56.35562159524657,False
2025-01-31 05:40:00+00:00,AWS-DEMO,28.090039873136263,1008.1262873051592,56.165320987805245,False
2025-01-31 05:50:00+00:00,AWS-DEMO,28.312338908339754,1007.9869120655538,57.31388456793174,False
2025-01-31 06:00:00+00:00,AWS-DEMO,28.81826680701044,1008.166932990549,56.345505869101984,False
2025-01-31 06:10:00+00:00,AWS-DEMO,28.701275447159777,1008.1157558872601,56.7090513277693,False
2025-01-31 06:20:00+00:00,AWS-DEMO,28.82401938234049,1008.0309931982554,55.70452633398571,False
2025-01-31 06:30:00+00:00,AWS-DEMO,29.486854757081115,1008.0245338218347,56.2042011972156,False
2025-01-31 06:40:00+00:00,AWS-DEMO,29.261144328191442,1008.0794419446349,55.24580042543481,False
2025-01-31 06:50:00+00:00,AWS-DEMO,29.377219012614418,1007.8857485923852,55.3638788528256,False
2025-01-31 07:00:00+00:00,AWS-DEMO,29.332365554677516,1007.9831551415385,52.12494684569076,False
2025-01-31 07:10:00+00:00,AWS-DEMO,29.385358834422952,1008.0043229272396,52.681094039805664,False
2025-01-31 07:20:00+00:00,AWS-DEMO,29.130008536112534,1007.757354690562,53.27369339029244,False
2025-01-31 07:30:00+00:00,AWS-DEMO,29.91000572235121,1007.9556298094205,54.462507455862486,False
2025-01-31 07:40:00+00:00,AWS-DEMO,29.872610632893632,1007.719408213302,55.03109983588331,False
2025-01-31 07:50:00+00:00,AWS-DEMO,29.802744486506583,1007.8354701135842,52.777110008844005,False
2025-01-31 08:00:00+00:00,AWS-DEMO,29.871089361612935,1007.7172486277553,52.14404804034688,False
2025-01-31 08:10:00+00:00,AWS-DEMO,30.113167035182485,1007.9266158644084,50.638766179148455,False
2025-01-31 08:20:00+00:00,AWS-DEMO,29.649828510756265,1007.6694915252797,53.319501769077945,False
2025-01-31 08:30:00+00:00,AWS-DEMO,29.893366798177055,1007.6009522530285,51.79227389417508,False
2025-01-31 08:40:00+00:00,AWS-DEMO,29.794987522712937,1007.7373453566416,55.2118290399228,False
2025-01-31 08:50:00+00:00,AWS-DEMO,30.447046042275318,1007.6640512302996,51.44975743406125,False
2025-01-31 09:00:00+00:00,AWS-DEMO,30.252771364177903,1007.5419063324764,54.25482730020855,False
2025-01-31 09:10:00+00:00,AWS-DEMO,29.568806213459062,1007.700804686073,52.88307405881421,False
2025-01-31 09:20:00+00:00,AWS-DEMO,29.70410390141481,1007.4505595990805,51.11635302599562,False
2025-01-31 09:30:00+00:00,AWS-DEMO,29.98223092105505,1007.5130268526359,52.411373811343125,False
2025-01-31 09:40:00+00:00,AWS-DEMO,29.87214757574293,1007.5312215210237,53.00982358095045,False
2025-01-31 09:50:00+00:00,AWS-DEMO,29.640037027086194,1007.6321297472731,52.096856126752215,False
2025-01-31 10:00:00+00:00,AWS-DEMO,30.305219913846553,1007.6537232539935,53.26801382147711,False
2025-01-31 10:10:00+00:00,AWS-DEMO,29.882849454678883,1007.6138720040234,53.377927748571665,False
2025-01-31 10:20:00+00:00,AWS-DEMO,29.846126552584522,1007.4786323414877,53.31397874013354,False
2025-01-31 10:30:00+00:00,AWS-DEMO,29.50798564653808,1007.2521146199543,52.8802350509518,False
2025-01-31 10:40:00+00:00,AWS-DEMO,29.728821871617342,1007.4842589529406,51.92385889930209,False
2025-01-31 10:50:00+00:00,AWS-DEMO,29.38721142846828,1007.5603317941401,53.24670665460774,False
2025-01-31 11:00:00+00:00,AWS-DEMO,29.30102700058211,1007.518330378175,53.7463893097339,False
2025-01-31 11:10:00+00:00,AWS-DEMO,29.381904104168324,1007.4286969818654,51.96274097082616,False
2025-01-31 11:20:00+00:00,AWS-DEMO,28.765101040714526,1007.2601731826271,54.29758280403037,False
2025-01-31 11:30:00+00:00,AWS-DEMO,29.342924891866733,1007.300622584465,54.341604095532375,False
2025-01-31 11:40:00+00:00,AWS-DEMO,28.892144832901796,1007.503109677394,53.47171418590466,False
2025-01-31 11:50:00+00:00,AWS-DEMO,28.986864853234025,1007.1832397655674,54.784482797349526,False
2025-01-31 12:00:00+00:00,AWS-DEMO,28.314369522571283,1007.1896491198567,55.173306294428556,False
2025-01-31 12:10:00+00:00,AWS-DEMO,28.186919980521203,1007.3605406943311,57.800690445000626,False
2025-01-31 12:20:00+00:00,AWS-DEMO,27.96689826919425,1007.2202251509141,56.49316884776318,False
2025-01-31 12:30:00+00:00,AWS-DEMO,28.103835696101456,1007.136566444567,57.727760836979115,False
2025-01-31 12:40:00+00:00,AWS-DEMO,27.883614461139768,1007.3649263966528,57.00794423000667,False
2025-01-31 12:50:00+00:00,AWS-DEMO,27.58166089247124,1007.253990296787,55.7004049824599,False
2025-01-31 13:00:00+00:00,AWS-DEMO,27.27021706254695,1007.1638319564755,58.70885490003491,False
2025-01-31 13:10:00+00:00,AWS-DEMO,27.019241292323258,1007.0813953241299,57.853233143752895,False
2025-01-31 13:20:00+00:00,AWS-DEMO,27.087266842222434,1007.3557332971458,58.66250337197434,False
2025-01-31 13:30:00+00:00,AWS-DEMO,26.791375527101664,1007.1568555685104,58.44263186467551,False
2025-01-31 13:40:00+00:00,AWS-DEMO,26.53505063213863,1007.2730491552932,60.07570521967685,False
2025-01-31 13:50:00+00:00,AWS-DEMO,26.81491656424332,1007.2165986628489,61.584284575491985,False
2025-01-31 14:00:00+00:00,AWS-DEMO,26.242102456376294,1007.0788246226388,61.97583102609548,False
2025-01-31 14:10:00+00:00,AWS-DEMO,26.322662367526455,1007.0697295131476,63.16005538404097,False
2025-01-31 14:20:00+00:00,AWS-DEMO,25.70675985802129,1007.2369062947752,63.83834010122789,False
2025-01-31 14:30:00+00:00,AWS-DEMO,25.6569383276469,1007.2298632357503,60.60570767513339,False
2025-01-31 14:40:00+00:00,AWS-DEMO,25.36849441744212,1006.9214663654734,62.00278493126317,False
2025-01-31 14:50:00+00:00,AWS-DEMO,24.783845442834572,1007.1326717206991,61.93558882430555,False
2025-01-31 15:00:00+00:00,AWS-DEMO,25.247605670519533,1007.0657313280427,64.92456125493823,False
2025-01-31 15:10:00+00:00,AWS-DEMO,24.679527147274747,1006.9777318619178,64.1487964994885,False
2025-01-31 15:20:00+00:00,AWS-DEMO,24.649618840470453,1007.0890129186525,64.90126316370487,False
2025-01-31 15:30:00+00:00,AWS-DEMO,24.096777460934774,1006.9393436085331,65.72065119261296,False
2025-01-31 15:40:00+00:00,AWS-DEMO,24.00385956791173,1007.014795591395,66.86378992062258,False
2025-01-31 15:50:00+00:00,AWS-DEMO,23.628815414947837,1006.9814906798274,65.53596529888901,False
2025-01-31 16:00:00+00:00,AWS-DEMO,23.872744814154434,1007.0055449450045,66.29752503311026,False
2025-01-31 16:10:00+00:00,AWS-DEMO,23.452946928771887,1007.0418494984467,68.08676993582066,False
2025-01-31 16:20:00+00:00,AWS-DEMO,23.251510349478067,1006.9552078622363,69.80624755922507,False
2025-01-31 16:30:00+00:00,AWS-DEMO,23.25898603570481,1007.187076401528,69.09604785599352,False
2025-01-31 16:40:00+00:00,AWS-DEMO,23.00750213151748,1007.0893064967509,68.8346334757813,False
2025-01-31 16:50:00+00:00,AWS-DEMO,22.718281137065766,1007.2063648050352,67.97284264417777,False
2025-01-31 17:00:00+00:00,AWS-DEMO,22.03817692684256,1007.0308945834182,71.55742048542719,False
2025-01-31 17:10:00+00:00,AWS-DEMO,22.003578223416756,1006.9968439908512,70.34048861210667,False
2025-01-31 17:20:00+00:00,AWS-DEMO,21.746420711716617,1007.2058916575816,70.38770979774411,False
2025-01-31 17:30:00+00:00,AWS-DEMO,21.943308524517835,1006.997453198027,70.26469306170561,False
2025-01-31 17:40:00+00:00,AWS-DEMO,21.64243466706435,1007.03570021204,70.97105465770599,False
2025-01-31 17:50:00+00:00,AWS-DEMO,21.12661151159675,1007.1192198984664,71.8634926449595,False
2025-01-31 18:00:00+00:00,AWS-DEMO,21.224942726401704,1006.9460675099245,72.98400209949068,False
2025-01-31 18:10:00+00:00,AWS-DEMO,20.778317421483674,1007.1248807336598,72.39505534549035,False
2025-01-31 18:20:00+00:00,AWS-DEMO,20.942788520240224,1007.1170964350149,74.15249603521195,False
2025-01-31 18:30:00+00:00,AWS-DEMO,20.444945416424282,1007.1828698639592,74.06465268724955,False
2025-01-31 18:40:00+00:00,AWS-DEMO,20.787562213171146,1007.1530485782099,76.85803901538644,False
2025-01-31 18:50:00+00:00,AWS-DEMO,20.62416367683139,1007.1945088757594,73.23653311367974,False
2025-01-31 19:00:00+00:00,AWS-DEMO,20.838487111395825,1007.0723645402146,75.3867558915931,False
2025-01-31 19:10:00+00:00,AWS-DEMO,20.491152655607305,1007.0096520408778,75.66237928520422,False
2025-01-31 19:20:00+00:00,AWS-DEMO,20.105822210020055,1007.2823514354437,74.6991796526923,False
2025-01-31 19:30:00+00:00,AWS-DEMO,20.281631540260094,1006.9603530584718,76.04412592227109,False
2025-01-31 19:40:00+00:00,AWS-DEMO,19.705685725932558,1006.9747866774904,76.91492924547944,False
2025-01-31 19:50:00+00:00,AWS-DEMO,19.72182264588304,1007.1595373573437,76.41520703140652,False
2025-01-31 20:00:00+00:00,AWS-DEMO,19.93627135369988,1007.2604846889565,77.85311687242739,False
2025-01-31 20:10:00+00:00,AWS-DEMO,19.326719150497162,1007.136883991956,74.4171457436451,False
2025-01-31 20:20:00+00:00,AWS-DEMO,19.741158218098743,1007.215349748984,75.8547487416199,False
2025-01-31 20:30:00+00:00,AWS-DEMO,19.48200772026961,1006.9513488639587,78.24993073042886,False
2025-01-31 20:40:00+00:00,AWS-DEMO,19.695287099943155,1007.091512664604,77.74035786357565,False
2025-01-31 20:50:00+00:00,AWS-DEMO,19.411884686249856,1006.9732302398754,77.39773159624202,False
2025-01-31 21:00:00+00:00,AWS-DEMO,19.727795007460834,1007.2174210719332,78.09466920342916,False
2025-01-31 21:10:00+00:00,AWS-DEMO,19.633688052093557,1007.0130882194558,74.9244364619794,False
2025-01-31 21:20:00+00:00,AWS-DEMO,19.941991150846746,1007.0423186740913,77.59146035325023,False
2025-01-31 21:30:00+00:00,AWS-DEMO,19.64934495491378,1007.2083686404528,77.79044526793805,False
2025-01-31 21:40:00+00:00,AWS-DEMO,19.502153706593916,1007.2622279050847,75.9730726589144,False
2025-01-31 21:50:00+00:00,AWS-DEMO,19.64971404471627,1007.1566603634585,79.1423289930339,False
2025-01-31 22:00:00+00:00,AWS-DEMO,19.450377876954715,1007.2263068167099,76.56657674914156,False
2025-01-31 22:10:00+00:00,AWS-DEMO,19.88675552934713,1007.2271101546827,74.01065317381084,False
2025-01-31 22:20:00+00:00,AWS-DEMO,19.98757212338041,1007.1627075542604,76.39423450092598,False
2025-01-31 22:30:00+00:00,AWS-DEMO,20.470404652674375,1007.0866033773582,75.07932107570241,False
2025-01-31 22:40:00+00:00,AWS-DEMO,19.8685861009196,1007.2386181451501,76.72745025325496,False
2025-01-31 22:50:00+00:00,AWS-DEMO,20.03335422738847,1007.2452044518744,75.85114888965501,False
2025-01-31 23:00:00+00:00,AWS-DEMO,20.060973645215768,1007.2723103240232,74.42397237387887,False
2025-01-31 23:10:00+00:00,AWS-DEMO,20.33797525516932,1007.2213090659429,76.22148147219121,False
2025-01-31 23:20:00+00:00,AWS-DEMO,20.487040052618386,1007.0889648861521,75.33460842364121,False
2025-01-31 23:30:00+00:00,AWS-DEMO,20.510946257134123,1007.2566791661517,73.22294418046938,False
2025-01-31 23:40:00+00:00,AWS-DEMO,20.888923235279478,1007.1943357944053,73.53473163159552,False
2025-01-31 23:50:00+00:00,AWS-DEMO,20.648806072295944,1007.1504000810019,73.82047533221457,False
