timestamp_utc,time_ist,skyguard_classification,skyguard_reasons,station_previous_3h_present,peer_same_time_present,peer_previous_3h_present,station_temperature_c,peer_temperature_c,station_change_3h_temperature_c,peer_change_3h_temperature_c,station_temperature_qc,peer_temperature_qc,station_sea_level_pressure_hpa,peer_sea_level_pressure_hpa,station_change_3h_sea_level_pressure_hpa,peer_change_3h_sea_level_pressure_hpa,station_sea_level_pressure_qc,peer_sea_level_pressure_qc,station_relative_humidity_pct,peer_relative_humidity_pct,station_change_3h_relative_humidity_pct,peer_change_3h_relative_humidity_pct,station_relative_humidity_qc,peer_relative_humidity_qc,peer_correlated_temperature_and_rh_change,station_rh_derived,review_note
2025-07-09T15:00:00+00:00,2025-07-09T20:30:00+05:30,unusual_pattern,['unusual_multivariate_temporal_pattern'],True,True,True,26.0,25.7,-7.5,-7.5,1,1,1002.6,1003.6,6.5,6.8,1.0,1.0,95.0,100.0,28.0,31.0,,,True,True,Both sites changed in the same temperature/RH directions; review weather and local differences.
2025-07-23T06:00:00+00:00,2025-07-23T11:30:00+05:30,missing_data,['humidity:missing_or_nonfinite'],True,True,True,27.2,27.4,0.2,-0.6,1,1,997.9,998.9,0.4,1.0,1.0,1.0,,92.0,,0.0,,,False,False,Station RH absent; check source dew point/temperature and QC.
2025-07-29T06:00:00+00:00,2025-07-29T11:30:00+05:30,communication_gap,['communication_gap'],False,True,False,28.7,28.2,,,1,1,997.8,998.3,,,1.0,1.0,99.0,97.0,,,,,False,True,Scheduled station report absent before this row; check archive and transmission logs.
2025-08-24T06:00:00+00:00,2025-08-24T11:30:00+05:30,communication_gap,['communication_gap'],False,True,True,31.5,31.0,,2.0,1,1,1000.4,1001.5,,,1.0,1.0,77.0,80.0,,-4.0,,,False,True,Scheduled station report absent before this row; check archive and transmission logs.
2025-09-02T15:00:00+00:00,2025-09-02T20:30:00+05:30,communication_gap,['communication_gap'],False,True,False,25.2,26.0,,,1,1,1001.4,1002.2,,,1.0,1.0,100.0,97.0,,,,,False,True,Scheduled station report absent before this row; check archive and transmission logs.
2025-09-09T09:00:00+00:00,2025-09-09T14:30:00+05:30,communication_gap,['communication_gap'],False,True,True,35.0,33.8,,1.0,1,1,1005.2,1006.2,,-2.1,1.0,1.0,58.0,75.0,,-5.0,,,False,True,Scheduled station report absent before this row; check archive and transmission logs.
2025-09-15T18:00:00+00:00,2025-09-15T23:30:00+05:30,communication_gap,['communication_gap'],False,True,False,29.5,30.0,,,1,1,1004.1,1005.0,,,1.0,1.0,83.0,78.0,,,,,False,True,Scheduled station report absent before this row; check archive and transmission logs.
2025-09-29T18:00:00+00:00,2025-09-29T23:30:00+05:30,communication_gap,['communication_gap'],False,True,False,29.7,31.0,,,1,1,1003.2,1003.8,,,1.0,1.0,82.0,73.0,,,,,False,True,Scheduled station report absent before this row; check archive and transmission logs.
2025-10-25T00:00:00+00:00,2025-10-25T05:30:00+05:30,communication_gap,['communication_gap'],False,True,True,18.7,19.8,,-1.4,1,1,1011.6,1012.3,,0.8,1.0,1.0,95.0,91.0,,10.0,,,False,True,Scheduled station report absent before this row; check archive and transmission logs.
2025-10-26T06:00:00+00:00,2025-10-26T11:30:00+05:30,unusual_pattern,['unusual_multivariate_temporal_pattern'],True,True,True,29.6,30.0,10.6,7.2,1,1,1013.2,1013.9,-1.7,-1.4,1.0,1.0,46.0,48.0,-48.0,-18.0,,,True,True,Both sites changed in the same temperature/RH directions; review weather and local differences.
2025-11-08T06:00:00+00:00,2025-11-08T11:30:00+05:30,unusual_pattern,['unusual_multivariate_temporal_pattern'],True,True,True,24.7,23.0,10.9,8.0,1,1,1016.1,1017.2,-0.7,-0.4,1.0,1.0,37.0,43.0,-45.0,-27.0,,,True,True,Both sites changed in the same temperature/RH directions; review weather and local differences.
2025-11-19T06:00:00+00:00,2025-11-19T11:30:00+05:30,unusual_pattern,['unusual_multivariate_temporal_pattern'],True,True,True,24.7,22.8,12.1,7.8,2,1,1018.2,1019.2,-0.8,-0.5,1.0,1.0,54.0,50.0,-43.0,-22.0,f,,True,True,Both sites changed in the same temperature/RH directions; review weather and local differences.
2025-11-26T06:00:00+00:00,2025-11-26T11:30:00+05:30,unusual_pattern,['unusual_multivariate_temporal_pattern'],True,True,True,22.2,20.2,12.0,7.0,2,1,1019.4,1020.8,-1.2,-0.2,1.0,1.0,50.0,50.0,-50.0,-21.0,f,,True,True,Both sites changed in the same temperature/RH directions; review weather and local differences.
2025-11-29T06:00:00+00:00,2025-11-29T11:30:00+05:30,unusual_pattern,['unusual_multivariate_temporal_pattern'],True,True,True,23.5,21.2,10.5,6.6,1,1,1017.2,1018.3,-1.1,-0.2,1.0,1.0,45.0,50.0,-46.0,-28.0,,,True,True,Both sites changed in the same temperature/RH directions; review weather and local differences.
2025-12-01T06:00:00+00:00,2025-12-01T11:30:00+05:30,unusual_pattern,['unusual_multivariate_temporal_pattern'],True,True,True,21.7,19.8,13.9,8.4,2,1,1016.3,1017.4,-1.3,-0.8,1.0,1.0,46.0,44.0,-54.0,-39.0,f,,True,True,Both sites changed in the same temperature/RH directions; review weather and local differences.
2025-12-03T06:00:00+00:00,2025-12-03T11:30:00+05:30,unusual_pattern,['unusual_multivariate_temporal_pattern'],True,True,True,21.2,18.4,13.0,6.8,2,1,1020.0,1021.2,-0.4,0.1,1.0,1.0,48.0,54.0,-52.0,-27.0,f,,True,True,Both sites changed in the same temperature/RH directions; review weather and local differences.
2025-12-05T06:00:00+00:00,2025-12-05T11:30:00+05:30,unusual_pattern,['unusual_multivariate_temporal_pattern'],True,True,True,19.0,17.4,11.6,5.4,2,1,1022.5,1023.4,0.1,-0.1,1.0,1.0,55.0,54.0,-45.0,-18.0,f,,True,True,Both sites changed in the same temperature/RH directions; review weather and local differences.
2025-12-12T12:00:00+00:00,2025-12-12T17:30:00+05:30,communication_gap,['communication_gap'],False,True,True,20.6,19.4,,-4.6,1,1,1014.5,1015.5,,,1.0,1.0,73.0,62.0,,31.0,,,False,True,Scheduled station report absent before this row; check archive and transmission logs.
2025-12-16T06:00:00+00:00,2025-12-16T11:30:00+05:30,unusual_pattern,['unusual_multivariate_temporal_pattern'],True,True,True,21.5,18.6,9.8,6.9,1,1,1016.8,1018.4,-1.1,-0.4,1.0,1.0,51.0,56.0,-49.0,-30.0,,,True,True,Both sites changed in the same temperature/RH directions; review weather and local differences.
2025-12-28T18:00:00+00:00,2025-12-28T23:30:00+05:30,missing_data,['humidity:missing_or_nonfinite'],True,True,True,10.5,12.8,-2.3,-2.0,1,1,1017.9,1018.8,-0.1,0.0,1.0,1.0,,96.0,,5.0,,,False,False,Station RH absent; check source dew point/temperature and QC.
2025-12-30T00:00:00+00:00,2025-12-30T05:30:00+05:30,communication_gap,['communication_gap'],False,True,True,10.6,11.2,,0.5,1,1,1015.9,1016.5,,-1.0,1.0,1.0,100.0,95.0,,-3.0,,,False,True,Scheduled station report absent before this row; check archive and transmission logs.
